"Name","Team","G","PA","AB","H","2B","3B","HR","R","RBI","BB","SO","HBP","SB","CS","AVG","OBP","SLG","OPS","wOBA","Fld","BsR","WAR","playerid"
"Mike Trout","Angels","105","459","370","117","27","4","30","79","76","76","98","8","20","3",".317",".439",".657","1.096",".443","-3.1","2.1","6.4","10155"
"Freddie Freeman","Braves","103","452","381","120","29","2","29","82","70","63","93","7","6","4",".316",".421",".628","1.049",".430","0.6","0.5","4.8","5361"
"Aaron Judge","Yankees","146","632","533","160","23","4","48","117","110","91","196","7","9","3",".299",".407",".626","1.034",".427","5.2","-0.3","7.4","15640"
"Joey Votto","Reds","154","669","545","168","33","2","39","107","108","111","90","5","6","2",".308",".426",".591","1.017",".419","5.5","-4.6","6.1","4314"
"Justin Turner","Dodgers","120","482","411","142","29","1","17","67","66","50","61","16","4","0",".346",".434",".545",".979",".416","4.7","0.1","6.0","5235"
"Bryce Harper","Nationals","147","646","537","167","35","1","34","114","109","105","126","2","7","5",".311",".424",".570",".994",".412","4.0","-2.5","6.0","11579"
"Paul Goldschmidt","Diamondbacks","155","672","559","171","35","3","33","119","113","102","139","10","22","7",".306",".421",".558",".979",".407","5.5","6.2","6.2","9218"
"George Springer","Astros","145","654","579","170","33","1","42","122","100","64","155","9","6","7",".293",".371",".570",".941",".394","0.4","-5.3","5.7","12856"
"Carlos Correa","Astros","150","667","585","181","34","3","33","104","117","74","126","4","6","1",".310",".388",".548",".936",".392","-2.2","-1.5","6.7","14162"
"Jose Altuve","Astros","156","693","617","209","43","4","22","107","88","60","78","8","34","8",".338",".401",".525",".926",".392","-2.2","3.8","7.0","5417"
"J.D. Martinez","Tigers","113","463","410","120","26","3","27","70","68","48","111","2","3","1",".292",".366",".572",".938",".387","-8.2","-1.7","2.5","6184"
"Charlie Blackmon","Rockies","155","696","630","197","30","14","32","113","96","47","130","9","17","10",".313",".366",".560",".926",".386","-6.9","3.2","4.0","7859"
"Kris Bryant","Cubs","152","669","556","151","31","5","33","105","83","99","151","12","11","6",".271",".390",".523",".914",".386","-0.8","-0.8","5.4","15429"
"Jose Ramirez","Indians","157","653","593","188","46","8","24","102","81","52","74","2","20","8",".317",".372",".544",".916",".383","4.6","-2.9","5.8","13510"
"Daniel Murphy","Nationals","147","632","580","191","49","4","23","96","107","44","61","4","4","1",".330",".379",".544",".923",".383","-9.5","-2.8","3.8","4316"
"Anthony Rendon","Nationals","145","611","524","154","37","2","25","83","90","77","93","6","9","4",".293",".388",".517",".905",".382","11.8","0.1","6.1","12861"
"Giancarlo Stanton","Marlins","146","619","543","147","29","1","43","97","99","68","158","6","3","1",".271",".358",".563",".921",".381","1.3","-4.7","3.8","4949"
"Alex Avila","Tigers","107","383","317","88","17","0","16","43","44","63","116","2","0","2",".277",".400",".487",".886",".380","-1.6","-2.5","3.0","7476"
"Anthony Rizzo","Cubs","158","696","578","154","33","2","36","95","105","92","91","22","9","4",".266",".385",".515",".900",".378","5.6","0.0","4.6","3473"
"Ryan Zimmerman","Nationals","132","535","490","150","34","0","28","80","97","37","106","2","2","0",".307",".355",".547",".902",".377","-6.5","1.6","2.5","4220"
"Andrew McCutchen","Pirates","153","654","567","164","33","4","29","95","89","78","113","5","11","4",".289",".378",".512",".890",".376","-4.1","0.0","4.7","9847"
"Eric Thames","Brewers","134","561","476","118","26","2","36","94","77","76","154","7","6","2",".248",".360",".542",".901",".376","-5.3","-0.9","2.4","3711"
"Nolan Arenado","Rockies","156","676","614","183","46","8","33","95","120","48","108","5","3","2",".298",".349",".558",".907",".375","10.9","1.9","4.9","9777"
"Josh Donaldson","Blue Jays","105","454","383","103","22","1","22","56","65","65","97","4","3","2",".268",".378",".504",".882",".375","1.9","1.2","3.8","5038"
"Marwin Gonzalez","Astros","129","459","407","119","22","1","23","64","79","39","93","6","7","4",".293",".363",".522",".885",".374","-5.4","-2.5","2.6","5497"
"Buster Posey","Giants","134","552","482","152","30","1","17","64","66","55","57","10","2","0",".315",".393",".484",".877",".373","1.3","-1.0","4.8","9166"
"Michael Conforto","Mets","137","529","449","122","27","2","26","85","78","64","125","12","3","1",".272",".375",".514",".889",".373","-0.4","-0.7","3.5","16376"
"Justin Smoak","Blue Jays","150","539","483","135","21","1","34","74","87","51","114","2","0","2",".279",".349",".538",".887",".372","0.3","-2.1","2.7","9054"
"Marcell Ozuna","Marlins","157","663","606","182","29","1","35","89","112","53","150","1","1","2",".300",".356",".527",".884",".371","4.8","-4.1","4.0","10324"
"Mark Reynolds","Rockies","141","562","488","135","19","2","30","78","91","69","157","2","2","2",".276",".368",".502",".870",".370","-1.5","-3.8","1.0","7619"
"Eric Sogard","Brewers","74","266","228","70","17","0","4","37","21","31","33","5","5","3",".308",".403",".439",".842",".369","2.8","-4.7","1.6","7927"
"Nelson Cruz","Mariners","148","609","534","152","28","0","32","76","116","61","126","7","2","1",".284",".360",".520",".880",".369","-2.0","-4.8","2.6","2434"
"Travis Shaw","Brewers","139","576","519","147","35","2","30","80","100","50","124","5","10","1",".283",".350",".530",".880",".368","1.1","0.0","3.8","11982"
"Cody Bellinger","Dodgers","126","522","462","116","25","2","39","83","96","55","154","1","8","2",".251",".330",".566",".896",".367","0.0","2.7","3.2","15998"
"Zack Cozart","Reds","118","497","439","130","29","8","15","70","58","50","83","2","4","0",".295",".366",".501",".867",".367","7.0","-2.5","4.0","2616"
"Miguel Sano","Twins","141","594","519","137","22","3","35","89","100","73","208","1","1","0",".264",".356",".519",".875",".366","-4.5","-2.1","3.2","12164"
"Scooter Gennett","Reds","138","457","424","125","24","3","23","71","77","27","96","4","4","2",".295",".343",".529",".872",".366","-3.7","-3.1","2.1","10339"
"Corey Seager","Dodgers","149","642","565","165","40","2","23","98","87","71","133","4","5","2",".291",".373",".490",".863",".366","5.7","0.0","5.7","13624"
"Justin Bour","Marlins","136","522","463","131","21","0","30","59","93","55","107","2","2","0",".282",".358",".522",".880",".366","1.6","-3.5","2.3","9744"
"Jake Lamb","Diamondbacks","147","619","537","145","30","6","31","86","104","77","160","2","6","4",".270",".362",".520",".882",".366","-5.0","-0.4","3.2","13329"
"Edwin Encarnacion","Indians","150","645","547","144","22","2","33","94","94","88","135","7","3","0",".263",".370",".491",".861",".366","-1.2","-4.3","2.4","2151"
"Yonder Alonso","Athletics","136","507","445","120","25","0","27","72","68","60","103","2","3","1",".271",".359",".510",".869",".365","-2.2","0.5","2.7","2530"
"Logan Morrison","Rays","142","563","481","122","24","2","34","76","85","74","121","4","3","1",".254",".355",".522",".877",".364","2.1","4.4","3.7","9205"
"Domingo Santana","Brewers","142","570","490","136","26","1","24","85","80","70","161","5","12","5",".278",".371",".482",".853",".364","-4.1","0.1","2.3","10348"
"Tommy Pham","Cardinals","108","406","354","100","14","3","17","66","54","43","105","6","17","6",".283",".367",".483",".850",".363","3.8","3.5","3.1","2967"
"Lonnie Chisenhall","Indians","126","432","383","111","25","2","19","53","84","36","81","4","4","1",".289",".352",".513",".866",".363","-2.0","1.5","2.6","7571"
"Corey Dickerson","Rays","144","600","557","166","38","5","27","90","69","35","135","4","3","5",".297",".342",".527",".869",".362","2.3","2.3","3.6","10762"
"Jose Abreu","White Sox","157","683","625","185","39","4","29","92","105","42","118","12","0","1",".295",".349",".512",".861",".361","-2.3","-1.2","2.9","15676"
"Matt Holliday","Yankees","114","455","389","100","21","0","23","57","76","56","111","6","2","0",".257",".356",".495",".851",".361","-0.9","-2.3","1.6","1873"
"Lucas Duda","Mets","110","431","367","88","27","0","24","47","58","58","109","5","0","0",".239",".349",".510",".859",".360","1.4","-5.5","1.6","2502"
"Adrian Beltre","Rangers","87","371","326","92","21","1","16","46","60","37","40","4","2","0",".282",".359",".493",".852",".358","4.5","-0.7","2.4","639"
"Mookie Betts","Red Sox","156","720","643","182","50","2","27","108","96","70","68","3","27","4",".283",".354",".495",".849",".358","26.7","7.9","6.9","13611"
"Ryan Braun","Brewers","90","368","330","89","21","1","19","59","55","36","71","1","9","3",".269",".342",".513",".856",".358","-3.9","2.2","1.4","3410"
"Steven Souza Jr.","Rays","140","584","507","134","25","3","26","79","84","69","172","5","8","3",".264",".356",".480",".836",".358","0.5","0.6","3.4","5667"
"Josh Reddick","Astros","133","515","463","139","31","5","17","87","70","44","73","0","11","3",".299",".354",".494",".847",".357","2.4","1.6","3.3","3892"
"Aaron Hicks","Yankees","117","449","382","103","24","1","16","66","61","60","84","2","11","8",".270",".368",".464",".832",".357","5.6","0.2","3.4","5297"
"Eric Hosmer","Royals","159","670","610","186","35","2","21","87","82","56","109","1","6","1",".305",".362",".473",".835",".356","0.0","-6.0","2.2","3516"
"David Peralta","Diamondbacks","132","509","465","142","28","5","14","76","50","35","82","6","9","2",".305",".359",".475",".834",".356","1.5","3.6","2.5","2136"
"Jesus Aguilar","Brewers","141","409","369","101","23","2","19","52","66","31","109","6","0","0",".275",".338",".507",".845",".355","0.8","-0.1","1.6","11342"
"Jedd Gyorko","Cardinals","139","534","477","135","25","3","23","61","79","48","115","2","7","0",".284",".347",".495",".843",".355","1.7","-1.7","3.1","10816"
"Gary Sanchez","Yankees","110","470","421","113","17","0","25","70","78","41","112","8","4","2",".268",".343",".490",".833",".355","0.9","-3.4","3.1","11442"
"Jonathan Schoop","Orioles","152","610","560","160","37","0","29","81","89","29","134","13","0","0",".286",".332",".512",".844",".355","-5.7","-3.6","2.9","11265"
"Trey Mancini","Orioles","139","547","507","149","27","3","24","62","80","33","142","3","2","1",".294",".339",".501",".840",".354","-4.2","0.1","1.9","15149"
"Matt Carpenter","Cardinals","148","643","522","128","32","3","23","91","74","104","122","8","2","3",".245",".374",".450",".825",".354","-0.2","-1.9","2.4","8090"
"Adam Duvall","Reds","150","619","570","153","42","4","34","82","104","37","157","4","8","3",".268",".314",".534",".849",".352","2.5","2.5","2.9","10950"
"Justin Upton","Tigers","150","611","542","142","35","1","28","91","98","64","163","4","11","5",".262",".344",".486",".830",".352","7.6","-0.3","3.6","5222"
"Matt Adams","Braves","130","417","383","108","25","2","22","52","70","27","98","2","0","0",".281",".329",".525",".853",".352","2.4","-0.5","1.7","9393"
"Miguel Cabrera","Tigers","137","584","509","141","28","0","23","63","81","69","114","3","0","1",".276",".364",".467",".831",".351","2.2","-3.6","2.2","1744"
"Brandon Belt","Giants","148","629","539","134","33","5","25","84","74","85","147","2","5","2",".249",".353",".468",".821",".351","6.7","-2.0","3.0","10264"
"Austin Barnes","Dodgers","91","295","256","68","16","3","9","42","38","35","53","2","8","1",".264",".357",".458",".815",".351","-0.9","-0.1","2.0","12158"
"Jackie Bradley Jr.","Red Sox","134","542","478","130","27","4","21","65","70","55","116","6","8","3",".272",".353",".474",".827",".351","2.8","2.2","3.5","12984"
"Aaron Altherr","Phillies","134","524","471","126","30","5","22","67","74","41","141","10","10","6",".267",".339",".489",".827",".349","-3.9","-1.2","1.7","11270"
"Adam Eaton","Nationals","77","351","306","89","18","5","5","60","35","35","56","5","9","4",".290",".371",".436",".807",".349","-6.5","2.4","1.3","11205"
"Jay Bruce","Mets","149","640","578","150","32","1","36","84","104","57","141","2","2","2",".259",".326",".506",".832",".349","-1.4","-2.8","2.4","9892"
"Khris Davis","Athletics","151","624","549","134","25","1","38","88","100","66","187","5","6","1",".243",".327",".500",".827",".348","-13.8","0.6","1.5","9112"
"Tyler Flowers","Braves","108","397","347","99","15","0","11","47","48","30","93","18","0","0",".286",".371",".423",".794",".348","-5.1","-1.8","1.9","9134"
"Mike Moustakas","Royals","129","535","501","134","25","0","35","68","80","27","88","3","0","0",".266",".306",".529",".835",".346","-0.3","-2.8","2.5","4892"
"Joc Pederson","Dodgers","118","427","358","85","21","0","19","61","54","56","110","10","4","5",".236",".353",".454",".807",".346","-4.9","-1.5","1.8","11899"
"Jean Segura","Mariners","123","543","508","162","28","2","11","74","53","26","83","6","21","11",".318",".358",".448",".806",".345","-3.3","-3.4","3.0","5933"
"Scott Schebler","Reds","151","594","533","135","25","3","34","73","80","43","131","14","6","2",".253",".323",".504",".827",".345","0.4","-0.5","2.0","12225"
"Michael Brantley","Indians","113","478","430","129","29","2","9","55","68","42","62","2","14","2",".301",".364",".441",".804",".345","-5.2","4.0","1.8","4106"
"Hanley Ramirez","Red Sox","133","553","487","130","23","0","22","67","70","57","104","8","4","5",".267",".352",".453",".805",".344","-1.2","-4.9","0.6","8001"
"Avisail Garcia","White Sox","137","556","518","153","27","4","18","70","83","26","124","10","4","4",".295",".341",".468",".809",".344","0.6","3.0","2.6","5760"
"Adam Lind","Nationals","113","310","275","78","16","0","12","41","54","30","50","0","0","0",".283",".349",".469",".819",".344","-3.5","-0.4","0.7","8027"
"Evan Gattis","Astros","110","430","390","106","26","1","19","56","75","29","74","7","0","0",".272",".329",".489",".818",".344","-3.7","-2.9","1.8","11003"
"Yoenis Cespedes","Mets","101","408","373","99","20","1","21","54","56","29","76","3","2","2",".265",".322",".497",".819",".343","1.3","-3.1","1.5","13110"
"Mitch Haniger","Mariners","98","416","363","94","21","2","14","61","48","41","104","10","6","3",".258",".348",".446",".794",".343","-1.6","-1.1","1.6","14274"
"Dexter Fowler","Cardinals","128","535","464","117","20","7","21","75","59","63","112","4","8","4",".252",".344",".461",".804",".342","-7.1","2.6","2.1","4062"
"Gerardo Parra","Rockies","105","367","344","107","20","1","10","52","55","15","60","3","3","6",".311",".341",".467",".808",".342","5.2","-1.5","0.8","8553"
"Neil Walker","Mets","118","493","435","116","23","3","18","66","63","47","77","6","1","2",".268",".344",".459",".803",".342","0.1","1.0","2.7","7539"
"Paul DeJong","Cardinals","82","321","302","84","20","1","15","38","42","15","91","2","2","1",".279",".315",".503",".819",".342","-0.9","-3.1","1.3","18015"
"Shin-Soo Choo","Rangers","128","564","472","119","15","2","19","78","65","77","118","9","10","4",".252",".364",".415",".779",".341","-1.0","1.3","1.6","3174"
"Chris Taylor","Dodgers","128","497","445","122","30","2","14","71","61","49","129","1","18","5",".275",".347",".444",".792",".341","1.7","4.7","3.0","13757"
"Howie Kendrick","Phillies","85","349","317","98","18","2","5","40","33","27","64","2","13","5",".308",".363",".426",".789",".341","4.7","-3.7","1.4","4229"
"Xander Bogaerts","Red Sox","151","653","595","177","36","6","13","90","77","46","120","7","14","2",".298",".353",".442",".795",".340","0.6","7.0","4.2","12161"
"Robinson Cano","Mariners","144","629","575","161","27","1","29","84","102","49","79","2","2","1",".279",".335",".476",".812",".340","0.0","-3.6","3.2","3269"
"Russell Martin","Blue Jays","111","449","372","87","13","0","17","60","47","65","104","11","1","3",".234",".363",".406",".769",".339","1.1","-1.4","2.8","4616"
"Chris Davis","Orioles","122","504","437","101","16","1","30","70","65","60","183","4","1","1",".231",".326",".479",".805",".339","4.2","-0.1","1.8","9272"
"Jose Bautista","Blue Jays","147","638","535","128","21","0","26","90","75","91","142","8","6","3",".239",".354",".426",".780",".339","-2.5","-6.3","1.4","1887"
"Luke Voit","Cardinals","61","228","206","55","12","1","8","29","30","18","48","3","0","0",".269",".334",".459",".794",".339","-0.8","0.1","0.6","14811"
"Matt Kemp","Braves","140","590","549","155","37","1","22","67","79","39","134","1","2","3",".283",".330",".474",".805",".338","-11.1","-4.2","0.2","5631"
"Robinson Chirinos","Rangers","71","249","220","49","8","0","17","40","40","21","67","7","1","0",".221",".307",".494",".801",".338","-1.0","0.5","1.4","3142"
"Starlin Castro","Yankees","143","601","566","169","26","2","21","86","82","27","113","4","3","1",".298",".333",".463",".796",".338","-7.1","-0.3","2.3","4579"
"Andrew Benintendi","Red Sox","142","609","532","148","26","3","19","74","85","61","94","5","15","6",".278",".353",".446",".798",".338","1.8","1.1","2.4","17901"
"Raimel Tapia","Rockies","91","324","302","92","15","5","6","45","29","16","55","2","11","7",".306",".344",".451",".795",".338","-1.8","2.8","0.5","14350"
"A.J. Pollock","Diamondbacks","89","367","341","98","24","5","8","54","29","24","62","1","22","4",".288",".336",".457",".793",".338","2.0","2.1","1.8","9256"
"Salvador Perez","Royals","146","577","546","153","31","1","29","64","93","20","108","6","0","0",".280",".310",".499",".809",".338","1.7","-4.2","3.0","7304"
"Wil Myers","Padres","153","652","579","148","29","3","28","85","80","65","185","3","19","7",".256",".332",".463",".795",".338","-4.1","0.7","1.4","10047"
"Austin Jackson","Indians","82","296","262","74","19","3","6","32","33","29","64","1","3","2",".282",".349",".440",".789",".338","-4.4","-0.6","0.8","9848"
"Yulieski Gurriel","Astros","134","550","512","146","40","0","20","71","78","21","82","10","2","3",".284",".322",".481",".804",".337","-2.5","-0.8","1.4","19198"
"Joey Gallo","Rangers","141","523","449","89","19","3","35","79","74","67","203","6","8","0",".199",".310",".492",".801",".337","-1.6","5.9","2.4","14128"
"Colby Rasmus","Rays","81","291","267","68","13","2","17","36","46","21","97","0","2","0",".255",".308",".505",".813",".337","5.3","2.4","1.8","9893"
"Josh Harrison","Pirates","148","620","552","156","29","4","15","67","53","34","97","27","17","7",".282",".350",".429",".779",".337","3.3","1.2","3.3","8202"
"J.T. Realmuto","Marlins","136","553","512","150","27","5","13","67","60","35","91","5","10","4",".294",".345",".445",".789",".337","0.5","-1.5","3.1","11739"
"Ian Happ","Cubs","100","410","370","92","20","3","21","51","57","34","123","2","7","3",".247",".314",".486",".800",".336","-4.7","-1.0","1.1","17919"
"Elvis Andrus","Rangers","155","660","610","178","36","4","16","88","82","44","100","2","34","12",".292",".341",".442",".783",".336","-5.6","4.0","3.2","8709"
"Yasmani Grandal","Dodgers","125","473","426","110","28","0","20","50","61","43","122","1","0","0",".258",".325",".463",".788",".335","7.0","-2.8","3.4","11368"
"Brett Gardner","Yankees","147","651","563","144","26","3","22","98","67","75","128","3","20","4",".255",".343",".433",".776",".335","6.1","3.7","3.2","9927"
"Eugenio Suarez","Reds","157","628","545","138","26","3","21","82","77","68","150","10","7","4",".253",".344",".429",".773",".335","2.6","-2.7","2.5","12552"
"Christian Yelich","Marlins","154","676","591","166","32","1","15","98","77","70","130","7","15","2",".280",".359",".415",".774",".334","0.3","4.5","3.3","11477"
"Devin Mesoraco","Reds","66","215","187","44","9","1","10","25","23","21","49","6","2","0",".235",".329",".452",".781",".334","-1.1","0.8","1.1","5666"
"Jayson Werth","Nationals","94","394","342","86","13","1","14","54","40","49","89","2","6","4",".250",".347",".423",".770",".334","-4.6","0.0","0.6","1327"
"Steve Pearce","Blue Jays","81","282","252","66","11","0","12","29","37","22","61","5","0","1",".263",".330",".454",".784",".334","-7.2","-1.1","0.0","9957"
"Daniel Nava","Phillies","103","301","259","73","11","0","5","31","27","33","57","5","2","0",".280",".370",".387",".756",".334","0.9","-3.1","0.7","5450"
"Josh Bell","Pirates","156","614","544","136","28","6","25","79","78","65","109","2","4","3",".249",".330",".457",".788",".334","-1.1","-3.2","1.1","13145"
"Dustin Pedroia","Red Sox","129","580","511","152","27","0","8","61","69","59","58","3","6","5",".297",".370",".398",".768",".334","8.7","-5.6","2.7","8370"
"Curtis Granderson","Mets","145","562","486","114","30","5","23","78","65","68","124","3","6","2",".234",".329",".459",".788",".333","-1.8","0.7","2.2","4747"
"Clint Frazier","Yankees","52","220","200","49","9","4","11","27","33","15","65","1","3","2",".246",".300",".499",".799",".333","-1.8","0.0","0.8","15983"
"Carlos Gomez","Rangers","113","477","424","106","23","2","20","63","62","38","146","9","15","8",".250",".324",".456",".780",".332","1.2","1.6","2.2","4881"
"Kolten Wong","Cardinals","103","383","335","94","24","4","5","48","39","35","56","9","8","2",".281",".363",".423",".787",".332","-2.1","-0.2","1.3","12532"
"Max Kepler","Twins","146","586","526","138","34","5","18","75","73","53","110","5","7","2",".261",".333",".444",".778",".332","7.9","-1.9","2.4","12144"
"Robbie Grossman","Twins","131","525","444","113","23","0","11","68","51","75","102","3","5","3",".254",".365",".384",".748",".332","-5.7","-1.5","0.5","5254"
"Ben Gamel","Mariners","125","532","482","142","28","4","8","72","53","42","126","2","6","2",".294",".349",".420",".770",".332","-2.6","1.3","1.8","12160"
"DJ LeMahieu","Rockies","152","650","589","179","25","3","8","80","68","50","88","4","11","7",".305",".362",".397",".760",".332","5.5","-2.1","1.4","9874"
"Jed Lowrie","Athletics","135","570","515","140","39","3","13","76","51","49","99","3","0","0",".272",".339",".435",".774",".332","-3.2","1.3","2.5","4418"
"Tommy La Stella","Cubs","74","179","154","41","13","1","2","20","14","19","21","3","1","0",".269",".357",".403",".760",".332","-3.3","-1.0","0.2","12371"
"Yasiel Puig","Dodgers","147","570","507","131","20","2","26","71","76","55","112","3","13","4",".258",".330",".456",".786",".331","10.0","-5.0","2.2","14225"
"Carlos Santana","Indians","152","665","569","137","38","2","21","84","86","90","102","4","6","1",".241",".347",".424",".771",".331","-0.7","1.6","1.6","2396"
"Willson Contreras","Cubs","136","501","448","117","26","1","18","55","70","41","122","6","4","3",".262",".330",".446",".776",".331","5.3","-1.2","2.9","11609"
"Lorenzo Cain","Royals","145","608","548","152","26","3","17","82","56","52","109","4","25","2",".277",".342",".427",".770",".331","8.5","3.4","3.7","9077"
"Ryon Healy","Athletics","152","623","589","158","35","1","30","69","88","26","156","5","0","2",".268",".303",".484",".787",".331","-10.1","-5.0","0.5","15447"
"Tommy Joseph","Phillies","130","501","458","116","25","1","24","56","69","36","115","4","1","0",".254",".311",".470",".781",".330","-4.6","-2.5","0.2","10349"
"Todd Frazier","White Sox","147","610","522","117","26","0","30","79","84","76","131","7","10","6",".224",".327",".446",".773",".330","0.5","-2.2","2.2","785"
"Francisco Lindor","Indians","158","703","635","169","41","4","23","89","80","55","95","2","11","3",".267",".325",".455",".780",".330","4.1","2.9","4.1","12916"
"Jeremy Hazelbaker","Diamondbacks","78","179","159","42","7","3","5","25","21","17","54","1","5","1",".267",".339",".435",".773",".329","1.2","2.4","0.8","9399"
"Seth Smith","Orioles","120","431","384","99","21","1","16","60","43","39","94","5","2","0",".257",".333",".438",".771",".329","2.9","-2.7","1.2","7331"
"Mitch Moreland","Red Sox","140","552","486","123","31","0","20","65","71","56","126","7","0","1",".253",".337",".438",".775",".329","2.6","-1.0","1.0","3086"
"Yangervis Solarte","Padres","130","527","469","126","21","1","17","55","71","47","61","8","3","0",".268",".342",".424",".766",".329","-1.4","-0.6","1.9","5352"
"Nomar Mazara","Rangers","149","608","547","143","26","4","22","66","93","51","120","7","2","2",".262",".330",".444",".774",".328","3.4","-0.6","1.6","14553"
"Brandon Drury","Diamondbacks","143","557","516","143","39","2","14","57","69","33","119","6","2","2",".278",".327",".441",".767",".328","1.2","-0.1","1.7","11615"
"Stephen Piscotty","Cardinals","133","538","463","117","28","1","13","61","64","61","103","9","6","8",".253",".347",".404",".751",".328","1.6","-3.8","1.0","13367"
"Manny Machado","Orioles","151","663","600","149","32","0","33","77","86","56","126","2","7","3",".249",".313",".466",".779",".328","10.4","2.5","3.9","11493"
"Jon Jay","Cubs","128","370","324","93","17","2","3","49","32","30","71","11","3","1",".287",".366",".383",".748",".328","-0.8","0.2","1.0","5227"
"Joe Mauer","Twins","132","556","494","138","29","1","9","65","59","59","86","2","2","0",".279",".357",".395",".752",".327","6.6","-1.5","1.6","1857"
"Brian Dozier","Twins","148","679","600","148","32","3","26","80","78","68","136","7","17","8",".246",".329",".439",".768",".327","-3.2","-0.2","2.3","9810"
"Alex Bregman","Astros","144","586","520","135","35","3","16","74","58","55","95","6","12","4",".259",".335",".428",".763",".327","-5.1","-2.2","1.9","17678"
"Chris Iannetta","Diamondbacks","81","283","250","57","18","0","13","30","39","27","83","5","0","0",".227",".313",".453",".766",".327","-2.9","0.5","0.9","8267"
"Chris Owings","Diamondbacks","146","580","540","153","36","4","17","65","77","29","124","1","19","3",".282",".316",".458",".774",".327","-6.4","4.2","1.4","10030"
"Jesse Winker","Reds","47","183","162","44","10","0","4","21","23","18","33","1","1","0",".269",".346",".412",".758",".327","1.0","-0.2","0.4","13590"
"Michael Taylor","Nationals","130","476","439","115","26","3","19","66","59","31","152","1","20","6",".261",".310",".465",".775",".326","6.2","3.9","2.6","11489"
"Logan Forsythe","Dodgers","106","421","359","92","17","1","9","57","37","52","98","6","3","2",".256",".356",".383",".739",".326","5.0","-2.4","1.9","7185"
"Ji-Man Choi","Yankees","32","113","99","23","4","0","5","14","16","13","22","1","1","1",".234",".323",".439",".762",".326","-0.8","-0.1","0.1","5452"
"John Jaso","Pirates","123","355","314","77","24","1","11","32","40","36","75","4","2","2",".246",".329",".429",".758",".325","-4.8","0.0","0.3","5887"
"Chad Huffman","Cardinals","39","112","101","26","5","2","3","15","8","9","27","2","1","1",".254",".326",".431",".757",".325","-1.5","0.7","0.2","5311"
"Francisco Cervelli","Pirates","100","378","324","83","18","2","6","41","43","43","70","8","1","3",".256",".356",".377",".733",".325","-1.8","-3.0","1.5","5275"
"Kendrys Morales","Blue Jays","148","603","558","143","28","0","28","73","90","39","134","4","0","0",".256",".309",".459",".768",".325","-0.3","-7.4","-0.2","8610"
"Denard Span","Giants","118","511","470","131","25","7","9","63","37","34","62","4","9","5",".279",".333",".420",".753",".324","-3.3","-1.7","1.5","8347"
"Nick Markakis","Braves","157","680","601","168","37","2","8","80","77","67","114","9","0","2",".280",".358",".387",".746",".324","-8.5","-2.2","0.2","5930"
"Danny Valencia","Mariners","135","533","483","131","21","3","16","63","69","43","123","2","2","3",".271",".331",".423",".754",".324","-2.6","-6.2","0.3","6364"
"Trea Turner","Nationals","130","584","543","152","25","8","13","91","61","36","111","3","55","10",".280",".326",".429",".756",".324","4.6","8.0","3.4","16252"
"David Freese","Pirates","125","475","398","99","16","0","11","52","49","59","99","13","0","0",".249",".360",".373",".733",".323","0.0","-4.4","1.2","9549"
"Brian McCann","Astros","110","451","396","99","14","0","18","51","75","41","72","8","1","0",".250",".328",".428",".756",".323","-2.1","-1.2","2.1","4810"
"Matt Joyce","Athletics","139","490","414","93","24","0","17","60","55","68","105","3","3","2",".224",".335",".407",".742",".323","-4.7","0.2","0.9","3353"
"Yunel Escobar","Angels","126","533","487","138","26","2","9","58","43","40","67","4","2","6",".282",".340",".401",".741",".323","-2.6","-4.8","1.6","4191"
"Mark Trumbo","Orioles","153","650","596","151","27","1","28","91","86","52","143","0","2","0",".254",".313",".441",".754",".322","-4.9","-1.3","0.1","6876"
"Eddie Rosario","Twins","143","538","505","141","24","4","17","68","51","26","109","0","8","7",".280",".314",".444",".759",".322","-3.6","1.4","0.9","12155"
"Yasmany Tomas","Diamondbacks","101","392","365","93","22","2","17","43","62","24","101","1","1","1",".254",".299",".466",".766",".322","-4.9","3.3","0.3","17171"
"Mallex Smith","Rays","78","305","272","78","9","4","2","44","18","28","68","1","25","9",".286",".354",".378",".732",".322","-0.7","-0.4","1.0","13608"
"Ender Inciarte","Braves","155","700","643","191","28","3","11","99","57","49","96","1","21","9",".298",".345",".401",".747",".322","14.3","-0.2","3.5","4922"
"Andrelton Simmons","Angels","154","627","576","163","33","2","13","68","64","43","64","2","18","3",".282",".332",".415",".747",".321","13.4","1.0","4.6","10847"
"Manny Pina","Brewers","92","342","317","87","22","0","9","42","46","17","65","5","1","0",".275",".318",".434",".752",".321","5.1","0.3","1.9","2829"
"Ezequiel Carrera","Blue Jays","124","384","342","93","6","2","11","41","32","30","81","4","11","3",".273",".338",".398",".736",".321","-2.6","2.3","0.8","9048"
"Tyler Moore","Marlins","85","191","178","45","11","0","10","23","35","9","53","0","0","0",".252",".286",".487",".774",".321","-0.1","0.4","0.4","7244"
"Melky Cabrera","White Sox","151","660","607","173","28","1","16","82","87","43","81","2","1","0",".285",".331",".414",".745",".321","-7.3","-1.1","0.6","4022"
"Evan Longoria","Rays","156","681","614","160","38","1","24","82","93","51","129","5","4","1",".261",".318",".445",".763",".321","3.2","0.3","2.9","9368"
"Didi Gregorius","Yankees","129","528","495","139","24","1","18","63","69","23","79","5","4","2",".280",".316",".438",".754",".320","6.3","2.4","3.1","6012"
"Bradley Zimmer","Indians","101","380","343","89","17","2","11","43","49","31","116","4","19","4",".259",".325",".418",".744",".320","8.5","2.3","2.4","16221"
"Jose Pirela","Padres","66","277","260","70","19","3","7","34","28","14","55","2","5","1",".270",".311",".442",".754",".320","2.6","-0.5","0.8","5485"
"Nick Castellanos","Tigers","152","627","569","144","32","9","18","69","80","47","156","6","3","3",".253",".314",".437",".751",".320","-11.1","-1.7","0.9","11737"
"Leury Garcia","White Sox","103","366","333","93","15","2","9","48","36","17","71","7","13","9",".280",".326",".420",".745",".320","8.1","-0.3","2.0","5913"
"Brandon Nimmo","Mets","61","209","184","48","7","2","4","22","20","22","49","2","2","2",".263",".345",".386",".731",".320","-1.3","-2.8","0.2","12927"
"Kurt Suzuki","Braves","88","320","281","71","14","0","10","32","44","22","40","12","0","0",".253",".329",".417",".747",".319","-1.7","0.4","1.3","8259"
"Tim Beckham","Rays","117","454","417","112","10","5","15","45","49","30","142","3","7","5",".267",".319",".425",".744",".319","-2.3","1.0","2.0","7949"
"Ian Desmond","Rockies","117","489","452","127","16","2","14","65","63","26","120","5","19","7",".282",".326",".420",".745",".319","1.9","3.5","0.1","6885"
"Francisco Pena","Orioles","35","118","112","30","5","0","5","15","15","5","23","1","0","1",".270",".301",".454",".754",".319","0.7","-0.9","0.5","8298"
"Daniel Descalso","Diamondbacks","118","322","281","66","13","3","9","38","46","36","71","4","2","1",".237",".332",".401",".733",".319","-6.1","1.6","-0.1","8392"
"Devon Travis","Blue Jays","99","398","372","100","32","1","11","47","50","18","76","3","7","3",".269",".306",".448",".754",".319","1.9","0.4","1.6","13862"
"Jose Martinez","Cardinals","99","310","286","79","14","2","9","42","35","20","61","0","3","1",".275",".320",".430",".750",".319","-4.4","0.6","0.1","7996"
"Asdrubal Cabrera","Mets","126","508","456","116","24","1","16","68","51","44","79","6","6","2",".254",".326",".413",".739",".319","-9.7","-8.0","0.2","4962"
"Chris Young","Red Sox","97","309","273","68","16","0","8","35","31","33","56","1","5","3",".251",".332",".400",".732",".318","-5.3","-0.9","-0.3","3882"
"Sam Travis","Red Sox","48","173","157","42","11","1","3","23","14","13","36","2","4","2",".269",".329",".404",".734",".318","1.1","0.2","0.3","16263"
"Juan Centeno","Astros","26","94","87","23","3","1","3","11","11","5","16","1","1","0",".270",".316",".441",".757",".318","-0.1","-0.1","0.5","7168"
"Jake Marisnick","Astros","125","327","297","71","12","1","16","51","42","19","100","8","12","6",".240",".301",".446",".747",".318","-1.4","3.0","1.3","11339"
"Kyle Seager","Mariners","155","654","581","147","32","2","21","68","87","58","107","7","3","1",".254",".325",".423",".748",".317","5.5","-1.7","2.9","9785"
"Kyle Schwarber","Cubs","122","494","423","84","19","1","25","66","61","65","143","5","1","1",".198",".311",".428",".739",".317","1.5","-0.4","0.8","16478"
"Starling Marte","Pirates","62","261","238","64","11","2","7","33","27","12","62","7","14","6",".270",".322",".418",".741",".317","0.7","1.0","1.0","9241"
"Kevin Kiermaier","Rays","119","482","432","111","19","5","13","57","39","39","108","4","18","7",".258",".325",".414",".739",".317","2.7","5.0","2.5","11038"
"Trevor Story","Rockies","129","510","459","108","22","2","22","60","67","47","171","3","8","1",".235",".310",".433",".743",".317","-3.3","3.5","0.6","12564"
"Derek Dietrich","Marlins","131","431","378","93","22","4","9","51","43","25","81","25","0","0",".247",".332",".397",".730",".316","-5.0","1.1","0.7","10542"
"Adam Jones","Orioles","148","643","603","161","19","2","27","78","79","29","122","6","3","2",".267",".305",".441",".746",".316","-8.7","0.7","1.1","6368"
"Cameron Maybin","Angels","122","513","448","112","25","2","9","79","40","61","101","2","35","5",".250",".341",".380",".721",".316","0.2","2.1","1.8","5223"
"Rob Segedin","Dodgers","37","134","122","30","6","1","5","17","18","9","33","2","1","1",".247",".308",".431",".739",".316","-0.9","0.1","0.3","11446"
"Jordy Mercer","Pirates","149","578","517","136","24","6","13","59","61","56","89","1","1","5",".264",".337",".408",".745",".316","0.3","-0.4","2.1","6547"
"Eduardo Nunez","Giants","113","457","432","127","27","1","7","55","44","18","47","1","28","6",".295",".323",".414",".736",".316","-1.6","5.5","1.7","6848"
"Ian Kinsler","Tigers","135","599","540","136","25","3","17","91","54","50","77","8","11","7",".253",".324",".403",".726",".315","12.0","1.3","3.1","6195"
"Cesar Hernandez","Phillies","120","502","456","126","17","5","8","71","30","41","99","2","13","7",".275",".337",".385",".723",".315","4.8","-1.8","1.6","10556"
"Joe Panik","Giants","141","593","530","145","30","5","9","68","52","47","66","6","6","0",".272",".334",".398",".733",".315","1.4","1.2","2.1","11936"
"Keon Broxton","Brewers","144","525","469","105","20","7","22","76","59","47","198","7","29","9",".224",".302",".439",".741",".315","-2.0","3.8","1.3","9253"
"Brian Goodwin","Nationals","97","345","308","75","17","3","12","40","40","32","94","1","5","2",".244",".312",".432",".744",".314","-0.2","-1.2","0.3","12858"
"T.J. Rivera","Mets","120","415","385","109","21","2","8","47","44","16","64","9","2","1",".283",".323",".408",".731",".314","0.8","0.3","1.0","12495"
"Ryan Schimpf","Padres","105","396","338","62","10","1","25","50","52","49","131","6","0","1",".184",".296",".444",".740",".314","-9.4","0.9","0.3","9953"
"Bruce Maxwell","Athletics","60","212","188","50","9","0","3","21","19","23","49","0","0","0",".264",".342",".368",".711",".314","0.0","-2.8","0.8","13866"
"Brad Miller","Rays","101","395","335","76","12","5","10","48","42","56","98","1","7","2",".227",".337",".385",".722",".314","-5.9","-1.3","0.6","12775"
"Wilson Ramos","Rays","48","192","178","46","8","0","9","20","33","12","33","0","0","0",".256",".299",".452",".752",".314","0.2","-0.4","0.9","1433"
"Kennys Vargas","Twins","103","399","364","88","18","0","17","50","59","29","111","3","0","0",".243",".304",".431",".735",".313","0.6","-1.3","0.1","12101"
"Wilmer Flores","Mets","129","440","410","112","22","2","14","51","52","21","63","2","2","0",".272",".307",".436",".742",".313","-6.0","0.3","0.5","5827"
"Eduardo Escobar","Twins","118","422","391","105","19","2","13","46","49","23","73","4","3","1",".267",".313",".422",".736",".313","-1.0","1.8","1.0","6153"
"Matt Davidson","White Sox","125","476","441","102","17","1","28","56","69","29","188","3","0","1",".232",".281",".464",".746",".313","-2.2","-5.5","-0.3","7226"
"Matt Olson","Athletics","64","256","221","47","12","0","11","30","32","31","76","2","1","0",".210",".310",".416",".727",".312","2.7","-0.8","0.7","14344"
"Austin Slater","Giants","72","284","261","69","10","2","7","32","31","19","64","3","2","2",".266",".321",".400",".721",".312","1.2","-0.6","0.5","16153"
"Miguel Montero","Blue Jays","92","273","239","59","8","0","8","28","25","28","61","4","2","0",".248",".335",".385",".720",".312","-6.1","-1.4","0.2","3364"
"Derek Fisher","Astros","47","211","186","43","6","2","9","26","26","22","65","1","7","3",".230",".315",".419",".733",".311","-1.8","-0.2","0.5","16192"
"Whit Merrifield","Royals","132","552","512","139","31","6","11","61","57","27","85","5","23","3",".272",".311",".419",".731",".311","1.9","4.2","1.9","11281"
"Ryan Raburn","Nationals","53","132","120","30","4","2","3","14","14","11","40","1","0","1",".252",".320",".402",".721",".311","-0.8","-2.5","-0.2","2218"
"Brandon Phillips","Braves","142","581","544","152","32","0","11","72","56","25","74","9","12","7",".279",".321",".401",".722",".311","0.0","1.1","1.3","791"
"Ben Zobrist","Cubs","116","475","415","97","18","3","13","53","48","55","67","2","2","1",".234",".326",".390",".716",".311","4.0","-1.4","1.0","7435"
"KikÃ© Hernandez","Dodgers","136","382","336","75","27","2","13","52","42","41","84","1","5","1",".222",".304",".426",".731",".311","-2.2","4.0","1.1","10472"
"Gregory Polanco","Pirates","137","547","499","129","27","2","15","63","54","44","86","2","16","4",".258",".319",".409",".728",".311","4.1","1.9","1.2","12907"
"Mike Zunino","Mariners","119","422","382","84","19","0","22","48","64","29","154","9","0","0",".220",".288",".442",".731",".311","-1.2","-2.5","1.6","13265"
"Jarrod Dyson","Mariners","135","455","401","102","19","5","7","70","34","35","68","13","34","8",".256",".333",".380",".713",".310","11.4","6.9","3.2","4866"
"Jacoby Ellsbury","Yankees","107","436","393","104","16","3","8","58","38","37","71","3","20","5",".265",".330",".379",".710",".310","-1.4","2.5","1.1","4727"
"Stephen Drew","Nationals","78","199","177","45","14","1","5","18","31","16","41","1","0","0",".255",".313",".416",".729",".310","0.4","0.9","0.5","4251"
"Jason Kipnis","Indians","130","561","502","124","35","1","15","66","55","46","101","3","12","4",".247",".310",".414",".724",".310","-2.1","2.2","1.4","9776"
"Troy Tulowitzki","Blue Jays","105","420","384","97","17","0","15","37","52","31","67","3","0","0",".253",".311",".413",".724",".310","-1.0","0.3","1.3","3531"
"Chris Carter","Yankees","125","442","388","82","13","2","22","50","65","46","157","5","1","0",".210",".298",".426",".725",".309","-4.0","-0.4","-0.2","9911"
"Jorge Bonifacio","Royals","125","508","460","110","21","3","18","62","52","42","137","3","1","1",".240",".306",".414",".720",".309","2.9","-1.3","0.6","12174"
"Andrew Toles","Dodgers","72","260","245","65","11","2","8","36","32","11","49","2","7","4",".265",".302",".422",".724",".309","3.2","-1.3","0.6","13414"
"Stephen Vogt","Brewers","116","389","352","83","17","2","15","37","53","33","71","1","0","2",".237",".302",".427",".729",".309","-9.4","-1.5","0.1","5000"
"Kole Calhoun","Angels","153","656","585","145","22","1","21","76","73","60","134","5","7","1",".248",".320",".397",".717",".309","4.8","-2.6","1.4","11200"
"Albert Almora Jr.","Cubs","133","395","364","99","21","1","6","46","35","27","65","0","3","1",".273",".324",".390",".714",".309","-1.3","0.6","0.7","14109"
"Johan Camargo","Braves","95","305","282","79","21","4","3","36","31","14","62","1","1","1",".279",".312",".416",".728",".309","2.0","0.0","0.8","14950"
"John Hicks","Tigers","58","202","192","51","12","0","6","26","27","8","51","1","3","1",".265",".295",".433",".727",".309","0.4","2.0","0.4","12547"
"Drew Robinson","Rangers","45","184","162","34","7","1","8","20","21","19","61","1","3","3",".213",".299",".423",".722",".309","-0.3","-1.3","0.0","11761"
"Chase Headley","Yankees","143","579","508","127","29","2","9","65","63","61","142","6","9","3",".250",".335",".369",".704",".309","0.3","0.8","1.6","4720"
"Franklin Gutierrez","Dodgers","69","167","150","36","8","0","5","21","23","15","44","1","1","2",".240",".313",".399",".712",".309","-3.0","-0.3","0.0","3255"
"Kevin Pillar","Blue Jays","157","655","608","158","41","2","16","77","47","34","101","7","20","7",".261",".306",".413",".719",".308","5.1","-0.3","2.1","12434"
"Mike Napoli","Rangers","129","511","451","93","14","0","30","59","70","50","160","6","1","2",".206",".293",".438",".730",".308","0.0","-2.8","-0.4","3057"
"Jason Heyward","Cubs","121","483","436","111","17","3","11","53","58","40","75","4","6","4",".255",".322",".387",".709",".308","12.8","2.6","1.9","4940"
"Dan Vogelbach","Mariners","48","185","161","37","6","0","6","20","21","22","46","1","0","0",".231",".325",".380",".705",".307","-2.2","-2.1","-0.3","14130"
"Hernan Perez","Brewers","145","516","488","130","24","5","15","55","59","23","84","0","16","4",".266",".297",".431",".728",".307","5.5","2.0","1.1","5751"
"Jabari Blash","Padres","50","170","142","27","5","0","7","23","16","25","61","3","1","2",".190",".319",".377",".696",".307","-0.9","-1.2","0.0","11247"
"Delino DeShields","Rangers","126","441","383","104","18","1","5","70","28","38","121","3","32","8",".270",".337",".361",".697",".307","3.7","6.9","1.4","11379"
"Miguel Andujar","Yankees","48","201","187","48","10","1","6","21","28","10","38","2","3","1",".258",".301",".417",".718",".307","-1.4","0.6","0.4","15878"
"Jose Osuna","Pirates","116","347","327","81","22","5","10","46","46","16","63","3","1","1",".249",".290",".436",".725",".307","-3.3","-0.1","0.0","12937"
"Hunter Renfroe","Padres","151","614","572","134","33","2","27","66","74","36","171","5","5","1",".234",".285",".442",".727",".306","-6.7","3.9","0.2","15464"
"Dwight Smith","Blue Jays","56","212","196","51","10","1","4","21","20","13","50","2","4","1",".263",".315",".394",".710",".306","0.1","1.6","0.4","13473"
"Welington Castillo","Orioles","98","392","365","92","13","0","15","39","51","23","103","2","0","0",".253",".300",".415",".716",".306","1.0","-2.3","1.1","3256"
"Javier Baez","Cubs","143","493","456","116","26","2","19","60","64","25","132","4","9","4",".255",".297",".443",".740",".306","0.2","1.9","1.2","12979"
"Gregor Blanco","Diamondbacks","97","311","277","70","14","4","4","46","19","32","61","1","12","3",".251",".329",".370",".699",".305","-2.2","0.6","0.0","3123"
"Marcus Semien","Athletics","69","281","247","56","12","1","8","35","27","31","66","2","10","1",".226",".316",".384",".699",".305","-1.5","1.5","1.0","12533"
"Chris Gimenez","Twins","76","241","204","43","8","0","8","25","20","30","63","3","2","0",".209",".319",".371",".690",".305","0.5","-0.1","0.8","7324"
"Dee Gordon","Marlins","152","668","619","181","23","8","1","93","34","30","91","13","57","12",".292",".336",".360",".696",".305","4.2","8.4","2.4","8203"
"Chase Utley","Dodgers","126","425","371","85","20","5","9","51","43","40","71","9","6","2",".229",".317",".383",".700",".305","0.1","0.7","0.9","1679"
"Orlando Arcia","Brewers","152","587","549","148","26","3","14","63","57","32","110","2","12","7",".270",".311",".405",".716",".304","0.6","3.7","1.6","13185"
"Carlos Beltran","Astros","135","554","508","122","32","0","20","68","68","37","111","3","0","0",".241",".294",".423",".718",".304","-0.6","-2.4","-0.4","589"
"Martin Maldonado","Angels","114","396","355","86","14","1","13","36","39","20","97","15","0","2",".243",".310",".395",".705",".304","2.7","-4.1","1.6","6887"
"Guillermo Heredia","Mariners","122","445","400","106","9","0","8","52","29","34","59","10","2","5",".264",".336",".347",".683",".304","8.3","-3.3","1.2","18721"
"Chad Pinder","Athletics","95","352","325","76","20","1","15","41","46","17","101","6","3","1",".234",".282",".437",".719",".304","-1.2","-2.0","0.5","15191"
"Jonathan Lucroy","Rangers","122","491","451","118","26","1","10","49","52","32","59","4","1","0",".262",".315",".388",".703",".304","4.2","-2.2","1.5","7870"
"Aledmys Diaz","Cardinals","129","523","489","129","29","1","14","58","45","27","79","2","8","3",".263",".303",".409",".712",".304","-2.2","-0.6","1.0","15937"
"Nick Williams","Phillies","55","223","210","53","11","2","7","28","24","9","56","2","2","3",".252",".290",".426",".716",".304","0.0","-0.4","0.0","14330"
"Phillip Ervin","Reds","45","177","157","36","8","1","5","22","20","16","44","3","7","3",".228",".310",".389",".699",".303","1.8","0.3","0.2","14738"
"Gavin Cecchini","Mets","49","198","183","48","8","1","4","23","20","13","31","0","1","1",".264",".312",".390",".702",".303","-1.6","0.4","0.4","17005"
"Tucker Barnhart","Reds","111","385","342","91","25","2","4","30","28","32","62","2","2","0",".266",".330",".385",".715",".303","8.1","0.6","1.9","10200"
"Jeimer Candelario","Cubs","59","230","209","50","14","1","6","23","26","17","54","4","0","1",".239",".305",".400",".705",".303","-0.9","0.2","0.2","13621"
"Tyler Naquin","Indians","45","169","154","39","7","1","4","20","14","13","50","1","3","1",".253",".315",".389",".704",".303","-1.2","-0.1","0.2","13359"
"Victor Caratini","Cubs","46","171","153","38","10","1","2","17","16","14","35","3","0","0",".248",".322",".369",".692",".303","-2.3","-1.1","0.2","14968"
"Carlos Gonzalez","Rockies","132","535","477","115","25","1","16","67","53","50","117","2","3","1",".241",".312",".398",".710",".303","-1.1","-1.3","-1.4","7287"
"Abraham Almonte","Indians","84","280","249","61","12","4","4","32","22","26","70","2","5","2",".247",".322",".370",".692",".302","-2.4","0.8","0.0","5486"
"Andrew Knapp","Phillies","83","319","281","67","13","2","7","40","28","35","94","1","2","1",".238",".324",".373",".697",".302","-2.2","0.1","0.7","14942"
"Travis d'Arnaud","Mets","99","349","319","74","15","2","15","41","47","25","63","2","0","0",".232",".291",".427",".718",".302","-2.5","-0.3","0.9","7739"
"Victor Martinez","Tigers","129","524","473","121","20","0","13","48","65","41","69","5","0","0",".256",".321",".382",".703",".302","0.0","-4.8","-1.0","393"
"Yadier Molina","Cardinals","135","543","502","137","25","0","13","51","67","27","71","4","7","4",".273",".311",".404",".715",".302","3.7","-1.2","1.9","7007"
"Brock Holt","Red Sox","46","172","153","39","7","1","2","20","15","17","36","1","3","1",".256",".332",".349",".681",".302","-1.9","0.4","0.1","9345"
"Darrell Ceciliani","Blue Jays","38","132","123","30","7","1","5","17","18","7","34","1","4","1",".246",".287",".426",".714",".302","0.8","0.8","0.2","9954"
"Miguel Rojas","Marlins","73","200","181","52","10","0","1","27","13","13","24","1","3","1",".288",".335",".362",".697",".302","2.5","-0.2","0.6","7802"
"Hunter Pence","Giants","119","489","449","116","14","3","12","56","63","32","96","3","2","3",".259",".310",".388",".699",".301","-0.1","2.0","0.5","8252"
"Brandon Guyer","Indians","72","210","185","44","10","1","4","22","19","10","42","12","2","1",".239",".321",".358",".679",".301","2.6","-0.8","0.3","2636"
"Adrian Gonzalez","Dodgers","105","405","367","96","22","0","8","32","58","32","71","1","0","2",".261",".318",".387",".704",".301","-0.1","-3.6","-0.4","1908"
"Odubel Herrera","Phillies","156","633","591","156","41","3","11","66","52","35","150","4","13","9",".264",".307",".400",".707",".301","14.1","-0.8","2.2","11476"
"Caleb Joseph","Orioles","93","297","280","74","16","1","7","28","31","12","73","2","0","0",".265",".300",".404",".703",".301","-1.2","-0.6","0.8","7087"
"Rougned Odor","Rangers","160","663","625","148","25","5","31","86","80","26","147","9","15","7",".237",".276",".439",".715",".301","-5.0","4.6","0.9","12282"
"Ketel Marte","Diamondbacks","56","212","196","54","11","2","3","26","19","12","33","0","6","3",".276",".314",".387",".701",".301","0.0","-1.2","0.2","13613"
"Hyun Soo Kim","Orioles","99","302","268","69","9","0","5","27","23","29","53","3","1","1",".258",".332",".350",".682",".301","-2.8","-0.4","-0.2","18718"
"Pat Valaika","Rockies","114","315","295","72","19","1","12","37","45","13","83","1","4","3",".244",".276",".441",".716",".301","0.8","2.7","0.0","14885"
"Martin Prado","Marlins","87","359","336","92","19","1","5","35","36","20","45","1","1","1",".274",".314",".383",".697",".301","1.0","-1.1","0.5","3312"
"Addison Russell","Cubs","149","547","494","115","26","5","15","68","66","44","126","8","4","2",".234",".305",".396",".702",".300","6.9","1.6","1.9","14106"
"Tyler Austin","Yankees","44","174","157","35","7","1","7","20","22","14","56","1","2","1",".223",".288",".416",".704",".300","-0.2","0.0","-0.1","11850"
"Adam Frazier","Pirates","122","476","427","110","19","4","4","58","46","38","63","7","11","8",".259",".329",".351",".679",".299","-2.0","0.4","0.1","15223"
"Freddy Galvis","Phillies","155","616","567","141","28","7","17","58","66","36","110","3","11","2",".249",".295",".413",".708",".299","5.5","0.8","1.9","6609"
"Yolmer Sanchez","White Sox","137","516","468","119","21","7","8","60","47","35","107","4","8","9",".255",".311",".382",".693",".299","5.6","-0.3","1.4","11602"
"Jason Castro","Twins","113","429","378","84","22","1","11","43","48","46","116","3","0","0",".222",".311",".371",".682",".299","1.4","-2.4","1.3","8722"
"Shane Peterson","Rays","56","182","163","39","9","1","4","18","21","14","45","3","1","0",".238",".308",".382",".690",".299","-1.9","-0.3","-0.1","7423"
"Nick Hundley","Giants","91","283","265","69","21","1","7","28","29","12","77","0","1","1",".259",".290",".422",".712",".299","-4.3","0.5","0.5","3376"
"Randal Grichuk","Cardinals","122","470","436","99","30","2","19","57","60","29","138","3","8","3",".228",".279",".432",".711",".298","-1.7","1.7","-0.1","10243"
"Yan Gomes","Indians","106","390","348","79","21","1","11","39","43","33","98","6","0","0",".228",".304",".383",".686",".298","4.3","-3.4","1.3","9627"
"Manuel Margot","Padres","116","502","464","121","19","7","8","49","37","30","92","2","21","11",".261",".306",".386",".692",".298","1.1","2.0","1.0","14712"
"Dixon Machado","Tigers","86","277","253","69","9","2","3","28","21","17","42","1","4","1",".271",".320",".360",".679",".297","-1.7","-2.8","0.0","11472"
"Alex Presley","Tigers","60","200","182","47","7","1","3","21","22","15","36","1","6","2",".260",".317",".361",".678",".297","-2.8","1.1","0.1","5305"
"Albert Pujols","Angels","143","610","564","139","17","0","24","54","99","40","90","1","2","0",".247",".296",".407",".703",".297","-1.8","-2.1","-0.8","1177"
"Carlos Asuaje","Padres","63","253","231","60","10","3","3","23","21","17","55","1","2","2",".260",".312",".369",".681",".296","-0.1","0.1","0.3","15197"
"Juan Lagares","Mets","99","250","230","60","12","2","4","34","20","13","48","3","5","1",".260",".304",".385",".689",".296","8.8","1.5","1.4","5384"
"Daniel Robertson","Rays","106","390","343","79","12","3","8","39","32","38","101","6","2","2",".230",".315",".355",".670",".296","-1.1","-0.7","0.6","14145"
"Rickie Weeks Jr.","Rays","72","200","174","38","10","0","4","23","16","20","79","5","2","0",".215",".315",".351",".665",".296","-0.8","1.7","-0.1","1849"
"Mark Zagunis","Cubs","41","164","140","30","7","1","3","17","16","20","41","3","5","1",".212",".321",".343",".664",".296","-1.2","0.7","-0.1","16565"
"Maikel Franco","Phillies","149","624","573","134","27","1","24","65","86","44","91","3","1","0",".233",".289",".408",".697",".295","-4.6","-1.0","0.0","12179"
"Patrick Kivlehan","Reds","116","292","266","60","8","1","11","31","34","22","77","3","4","2",".227",".290",".392",".682",".294","-4.6","0.7","-0.5","13910"
"Greg Garcia","Cardinals","132","340","285","65","11","1","3","27","19","41","69","7","5","1",".229",".339",".307",".646",".294","-0.7","0.4","0.3","10951"
"Brandon Moss","Royals","114","403","363","74","14","1","20","45","40","36","131","2","2","0",".205",".280",".410",".691",".294","-2.1","-0.1","-0.9","4467"
"Nori Aoki","Astros","115","403","363","98","17","1","3","45","26","29","45","4","10","5",".269",".325",".347",".671",".294","-2.2","-2.1","-0.3","13075"
"Mike Tauchman","Rockies","43","159","143","38","6","2","1","13","12","13","25","1","6","3",".265",".329",".339",".668",".294","0.1","0.3","-0.2","15274"
"Carlos Ruiz","Mariners","62","187","159","36","10","0","2","19","15","18","39","6","1","0",".229",".327",".328",".655",".294","-0.2","-2.4","0.3","2579"
"Geovany Soto","White Sox","31","108","96","20","2","0","6","12","17","9","27","1","0","0",".207",".277",".410",".687",".293","-1.6","0.2","0.2","3707"
"Peter Bourjos","Rays","101","228","209","49","9","2","7","32","17","14","62","2","6","4",".236",".288",".397",".685",".293","1.2","0.1","0.2","2578"
"Cameron Rupp","Phillies","94","361","322","72","15","0","11","36","32","35","115","3","2","0",".223",".302",".376",".679",".293","-1.6","-2.0","0.5","11146"
"Brett Phillips","Brewers","45","183","164","37","6","2","6","21","20","14","62","1","3","2",".226",".290",".391",".681",".292","0.5","-0.3","0.1","14735"
"Jonathan Villar","Brewers","133","550","494","115","20","2","14","66","55","50","159","1","34","11",".232",".302",".371",".674",".292","-6.3","3.2","-0.2","10071"
"Mikie Mahtook","Tigers","102","327","311","79","15","3","8","32","35","12","80","4","4","1",".253",".287",".394",".682",".291","-1.7","0.4","0.0","13130"
"Erik Gonzalez","Indians","72","242","229","60","12","1","6","28","21","8","67","1","4","2",".260",".285",".399",".684",".291","1.0","-0.2","0.3","13369"
"Rene Rivera","Mets","82","274","254","63","9","0","10","22","36","14","76","4","0","1",".248",".296",".395",".691",".291","3.4","-0.7","1.0","3648"
"Nick Ahmed","Diamondbacks","103","356","332","82","15","2","10","43","37","20","72","2","6","6",".247",".293",".392",".686",".290","2.7","0.2","0.5","12147"
"Matt Szczur","Padres","116","270","229","49","9","2","4","27","23","33","53","2","4","3",".216",".319",".330",".649",".290","0.2","0.3","0.0","11255"
"Michael Morse","Giants","63","160","145","33","6","1","5","11","15","12","48","2","0","0",".230",".292",".379",".671",".290","-0.7","0.3","0.0","3035"
"Dustin Garneau","Rockies","53","192","176","41","14","0","4","17","19","11","48","3","1","1",".230",".287",".387",".674",".290","0.0","2.0","0.1","9433"
"Elias Diaz","Pirates","60","193","179","46","11","1","3","20","26","12","34","0","2","1",".257",".301",".369",".670",".290","0.0","1.0","0.4","11680"
"Brock Stassi","Phillies","97","257","230","51","9","2","6","25","26","26","53","1","1","1",".221",".301",".362",".663",".290","2.8","-1.8","-0.1","12244"
"Joey Rickard","Orioles","112","316","290","74","17","0","5","33","23","16","74","4","9","2",".254",".300",".368",".668",".290","1.3","2.7","0.3","13277"
"James McCann","Tigers","98","357","320","70","12","1","14","35","47","24","89","6","1","0",".218",".282",".392",".674",".289","0.3","1.9","1.1","12859"
"Ronald Torreyes","Yankees","109","341","320","88","13","3","4","37","35","13","34","3","4","1",".273",".306",".362",".667",".289","2.4","0.0","0.6","11400"
"Sandy Leon","Red Sox","84","303","277","68","13","0","8","35","35","21","64","1","0","0",".244",".297",".377",".674",".289","3.8","-4.4","0.5","5273"
"Tony Wolters","Rockies","95","338","298","77","12","2","1","42","25","35","71","3","1","2",".259",".343",".323",".666",".289","4.8","-0.5","0.3","11470"
"Pablo Sandoval","Red Sox","75","275","253","60","9","1","8","26","32","19","50","1","0","1",".239",".292",".381",".673",".289","-4.0","-0.6","-0.4","5409"
"Kevan Smith","White Sox","79","283","263","70","14","0","4","27","28","9","55","5","0","0",".267",".302",".367",".668",".289","-2.8","-1.2","0.2","12284"
"Jose Reyes","Mets","138","557","502","115","23","6","13","65","49","45","70","1","18","4",".229",".293",".376",".669",".288","-9.0","2.7","0.0","1736"
"Ehire Adrianza","Twins","60","163","141","36","8","0","2","16","18","13","28","1","9","2",".257",".312",".353",".664",".288","0.6","0.5","0.3","8418"
"Jett Bandy","Brewers","81","297","270","58","12","0","11","27","32","19","74","7","2","0",".216",".284",".379",".663",".288","-2.8","1.4","0.2","12508"
"Matt Wieters","Nationals","117","456","420","102","21","0","12","44","59","30","88","2","2","0",".242",".294",".380",".674",".288","-2.0","-1.8","0.3","4298"
"Eric Young","Angels","77","245","217","52","8","1","4","35","20","14","55","8","16","6",".238",".309",".343",".651",".287","6.5","3.0","1.0","7158"
"Cory Spangenberg","Padres","101","369","342","87","12","2","8","35","35","20","96","2","10","2",".254",".297",".367",".664",".287","-1.2","2.6","0.3","12294"
"Michael Saunders","Blue Jays","113","407","372","82","18","3","13","49","41","32","99","2","1","2",".220",".285",".389",".673",".287","-2.5","2.9","-0.4","9981"
"Jarrett Parker","Giants","50","171","152","32","5","2","5","20","19","16","64","2","2","2",".210",".295",".371",".666",".287","2.6","0.0","0.1","11624"
"Erick Aybar","Padres","140","500","451","110","22","1","9","52","31","35","72","7","12","4",".243",".306",".354",".660",".287","-4.6","2.2","0.4","4082"
"Chris Coghlan","Blue Jays","84","236","205","45","9","1","4","24","19","25","54","3","2","1",".218",".310",".339",".649",".286","-3.3","-0.5","-0.4","6878"
"Kirk Nieuwenhuis","Brewers","54","146","126","23","7","1","5","16","16","16","52","2","2","2",".184",".286",".371",".656",".286","-0.7","-0.4","-0.2","6400"
"C.J. Cron","Angels","86","316","293","70","14","1","8","29","40","16","67","5","2","2",".240",".287",".376",".663",".286","-1.8","-0.3","-0.5","12546"
"Johnny Giavotella","Orioles","43","161","150","39","8","1","2","17","15","8","19","1","3","1",".260",".300",".361",".660",".286","-1.1","0.4","0.0","6740"
"Ryan Rua","Rangers","91","260","236","52","11","0","8","32","26","21","84","2","4","3",".220",".289",".367",".656",".285","1.9","0.8","-0.2","12409"
"Lewis Brinson","Brewers","51","190","175","39","7","3","6","17","18","11","51","2","5","2",".220",".274",".394",".667",".285","2.5","0.8","0.1","14352"
"Willy Garcia","White Sox","87","290","265","61","13","5","7","32","30","18","92","1","1","2",".230",".278",".392",".670",".285","3.6","-1.1","0.1","12956"
"Christian Vazquez","Red Sox","91","331","309","80","18","2","3","29","31","16","67","3","6","2",".259",".302",".353",".654",".285","0.0","-2.2","0.3","9774"
"Austin Hedges","Padres","125","437","409","92","17","0","20","44","65","21","118","2","2","2",".224",".264",".413",".677",".285","1.7","0.1","1.0","12976"
"Mark Canha","Athletics","62","218","202","43","13","2","7","20","22","12","66","3","2","0",".214",".269",".398",".666",".284","-7.9","-0.7","-0.9","11445"
"Steve Selsky","Red Sox","42","124","112","25","7","1","2","13","12","9","42","2","1","1",".226",".293",".358",".651",".284","1.1","0.0","-0.2","12957"
"Ryan Hanigan","Rockies","39","135","123","30","2","0","3","11","18","10","29","1","0","0",".244",".303",".345",".648",".284","-1.1","0.4","-0.1","4952"
"Jaff Decker","Athletics","55","207","176","38","6","2","3","19","13","23","50","2","5","3",".218",".315",".320",".635",".284","-3.0","0.0","-0.2","7945"
"Adonis Garcia","Braves","88","368","348","88","13","0","9","40","38","13","51","4","6","1",".254",".288",".372",".660",".284","-3.1","-2.4","-0.6","13777"
"Brett Eibner","Dodgers","55","177","160","34","5","1","7","19","22","14","56","2","2","1",".212",".279",".381",".659",".284","-1.8","0.7","-0.1","11369"
"Byron Buxton","Twins","148","525","475","109","15","4","11","59","41","42","159","3","25","2",".230",".296",".352",".648",".284","11.5","7.0","2.0","14161"
"Brandon Crawford","Giants","137","546","496","117","24","3","14","54","80","36","110","3","4","2",".237",".287",".386",".673",".283","9.1","2.1","1.8","5343"
"Stephen Cardullo","","60","197","179","41","7","1","4","17","21","13","37","3","2","2",".231",".294",".356",".650",".283","0.2","-0.5","-0.7","11204"
"Marco Hernandez","Red Sox","64","211","201","54","9","2","2","22","16","7","52","2","2","3",".266",".295",".361",".656",".283","-2.0","-0.1","-0.2","13154"
"Jefry Marte","Angels","85","293","261","54","11","0","9","27","34","23","69","6","3","1",".208",".287",".359",".646",".282","-2.4","-1.1","-0.6","5107"
"Trevor Plouffe","Rays","125","445","408","92","14","1","14","47","38","33","116","1","2","3",".226",".284",".370",".655",".282","-2.1","-2.4","-0.3","7462"
"Trayce Thompson","Dodgers","50","183","167","34","8","2","7","20","18","14","52","1","3","1",".204",".268",".400",".668",".282","0.6","1.0","0.1","9952"
"Tony Kemp","Astros","42","166","147","35","5","2","1","18","11","14","29","2","6","3",".241",".310",".324",".634",".282","0.8","-0.2","-0.1","14894"
"Taylor Motter","Mariners","122","437","399","87","21","0","13","46","46","34","98","1","16","2",".219",".281",".371",".652",".282","-5.1","2.2","0.0","12399"
"Scott Van Slyke","Dodgers","62","129","112","22","5","0","5","15","12","15","36","1","2","1",".193",".292",".359",".651",".281","-0.5","0.2","-0.2","4365"
"Franklin Barreto","Athletics","52","218","203","47","7","2","6","25","20","13","58","2","8","4",".230",".279",".374",".654",".281","-3.5","0.1","-0.1","15519"
"Alex Gordon","Royals","139","550","479","101","21","2","12","54","49","52","119","15","4","3",".210",".304",".333",".637",".281","13.4","0.8","0.6","5209"
"Jhonny Peralta","Cardinals","63","220","202","48","8","0","4","19","16","16","43","1","0","1",".240",".299",".343",".642",".281","-0.3","-0.9","-0.2","1738"
"Tyler Collins","Tigers","91","335","303","65","10","2","10","36","32","31","96","1","2","6",".214",".288",".354",".642",".281","2.4","-0.7","0.0","12723"
"Gregory Bird","Yankees","55","224","195","36","11","0","7","24","23","24","66","4","0","0",".183",".285",".353",".638",".281","-2.1","0.9","-0.5","14131"
"Chris Herrmann","Diamondbacks","107","277","246","48","10","1","10","31","35","28","68","1","2","0",".195",".278",".369",".647",".281","-4.9","-0.9","-0.9","9284"
"Danny Santana","Braves","106","292","273","65","16","3","5","34","34","14","70","2","12","2",".237",".280",".378",".657",".280","1.2","1.3","-0.2","10322"
"Kelby Tomlinson","Giants","96","247","222","57","6","2","1","28","16","19","47","1","11","2",".258",".317",".314",".631",".280","2.7","1.5","0.4","13005"
"Dustin Fowler","Yankees","47","197","189","46","8","2","5","20","23","6","41","1","7","4",".246",".272",".390",".661",".280","-1.4","-0.3","-0.1","17098"
"Tomas Telis","Marlins","44","149","140","36","7","1","2","17","14","7","18","1","1","1",".258",".295",".355",".650",".280","0.5","-0.3","0.2","10067"
"Tim Federowicz","Giants","25","86","79","19","4","0","2","8","9","6","22","1","0","0",".237",".294",".350",".644",".280","0.0","0.0","0.1","8609"
"Billy Burns","Royals","45","169","156","40","6","2","1","19","10","9","26","2","9","2",".257",".302",".338",".640",".280","-0.7","0.9","0.0","12701"
"Jaycob Brugman","Athletics","78","316","283","65","9","2","6","26","27","29","78","1","3","3",".231",".302",".336",".638",".279","-8.3","-1.8","-0.9","14936"
"Omar Narvaez","White Sox","85","295","261","66","7","0","1","26","14","29","41","0","0","0",".253",".328",".286",".615",".279","0.9","0.3","0.6","13338"
"Ildemaro Vargas","Diamondbacks","42","170","157","40","7","1","2","16","14","8","18","1","3","1",".256",".294",".350",".644",".279","0.0","0.1","-0.1","13324"
"Dansby Swanson","Braves","150","609","545","126","25","2","11","65","65","58","137","1","4","1",".231",".304",".349",".654",".279","1.8","1.1","0.4","18314"
"Luis Valbuena","Angels","102","363","320","64","11","0","12","36","42","39","94","1","0","2",".202",".287",".351",".638",".279","1.3","-1.9","-0.4","4969"
"Yandy Diaz","Indians","62","258","229","55","6","1","3","29","18","25","53","1","2","1",".240",".313",".311",".624",".279","-1.7","-1.3","-0.4","16578"
"Adam Engel","White Sox","73","295","262","59","9","2","5","38","19","23","87","4","15","5",".225",".297",".333",".629",".278","0.8","3.0","0.4","15082"
"Daniel Robertson","Indians","74","241","219","53","10","2","2","24","20","17","20","1","3","2",".242",".299",".340",".639",".278","-0.8","-2.0","-0.6","6266"
"Alexi Amarista","Rockies","99","241","228","58","12","1","4","28","31","10","41","0","4","1",".255",".287",".361",".647",".278","-3.8","-0.5","-1.1","9063"
"Rio Ruiz","Braves","84","291","259","55","11","1","6","37","30","27","77","2","1","1",".214",".292",".342",".634",".278","0.7","0.2","-0.1","14103"
"Wilmer Difo","Nationals","97","266","238","59","8","2","3","31","20","21","49","2","7","2",".248",".311",".338",".648",".277","2.9","2.2","0.4","14320"
"Magneuris Sierra","Cardinals","50","221","208","55","7","1","2","27","17","10","50","1","8","8",".267",".301",".332",".633",".277","-0.5","0.4","-0.1","17023"
"Teoscar Hernandez","Astros","45","182","167","37","8","1","5","21","18","12","53","1","7","4",".224",".279",".363",".642",".277","0.7","-0.2","-0.2","13066"
"Jose Peraza","Reds","150","610","580","152","14","8","8","59","50","14","86","9","28","10",".262",".289",".352",".640",".277","1.6","4.9","0.2","13593"
"Derek Norris","Rays","104","387","349","73","12","0","15","42","46","27","97","5","3","1",".208",".271",".376",".647",".277","-3.6","0.2","0.4","6867"
"Ryan Flaherty","Orioles","45","128","114","25","5","0","2","14","13","11","30","2","0","0",".222",".300",".328",".628",".277","2.9","-0.5","0.2","7888"
"Jose Iglesias","Tigers","131","495","464","117","29","2","4","55","40","22","63","4","8","4",".252",".290",".346",".636",".277","10.6","-0.3","1.3","10231"
"Grant Green","Nationals","40","145","139","35","7","1","2","15","15","5","28","1","1","1",".253",".280",".364",".644",".276","-2.0","-0.4","-0.4","10053"
"Alen Hanson","White Sox","117","314","289","67","7","6","5","45","23","21","56","0","13","6",".232",".284",".356",".639",".276","-0.8","-0.1","-0.3","12926"
"Rob Refsnyder","Yankees","68","221","200","45","9","2","3","24","17","18","43","2","5","1",".225",".292",".340",".632",".276","-1.1","1.6","-0.2","13770"
"Jorge Polanco","Twins","133","551","507","122","27","4","7","57","60","35","81","1","11","5",".240",".288",".352",".640",".276","-1.1","2.5","0.4","13152"
"Tyler Saladino","White Sox","72","291","258","58","10","3","3","28","19","23","70","5","7","5",".223",".299",".322",".621",".276","3.0","-1.7","0.1","10807"
"Ryan Lavarnway","Athletics","25","95","86","19","4","0","2","9","7","8","19","1","0","0",".226",".296",".327",".623",".276","-0.9","0.3","0.1","8879"
"Justin Ruggiano","Giants","47","162","150","34","5","0","5","12","15","8","45","2","2","2",".227",".274",".365",".639",".275","-2.8","-2.5","-0.8","7620"
"Andrew Romine","Tigers","118","326","294","67","12","3","4","45","27","24","69","3","7","6",".228",".293",".332",".625",".275","1.7","-4.8","-0.5","1159"
"Nick Franklin","Brewers","111","270","242","52","8","2","6","24","28","21","61","4","6","1",".214",".288",".337",".626",".275","0.9","2.2","0.0","10166"
"Billy Hamilton","Reds","143","630","577","141","17","9","4","89","39","45","131","0","66","10",".244",".298",".327",".625",".275","14.4","12.4","2.0","10199"
"Gorkys Hernandez","Giants","124","362","322","76","15","2","2","40","26","32","77","4","13","6",".237",".310",".311",".622",".275","-0.6","0.0","-0.4","4146"
"Mac Williamson","Giants","47","166","151","33","5","0","5","19","19","12","49","2","2","0",".217",".284",".356",".640",".275","-0.3","0.3","-0.3","14158"
"Ty Kelly","Phillies","90","234","205","45","13","1","3","22","24","21","49","1","1","1",".220",".289",".338",".628",".275","-2.0","0.4","-0.4","7740"
"Jorge Soler","Royals","66","238","212","42","12","0","6","21","22","25","74","1","1","0",".199",".284",".350",".633",".274","-4.2","-2.3","-1.3","14221"
"Tim Anderson","White Sox","141","598","574","142","21","3","15","68","50","17","162","2","13","2",".247",".270",".373",".642",".274","-11.6","2.8","-0.7","15172"
"Ramon Torres","Royals","60","238","219","56","10","1","1","25","15","12","39","2","7","3",".255",".297",".328",".625",".274","2.0","-3.1","-0.2","14113"
"Ruben Tejada","Orioles","63","197","177","42","9","0","1","24","12","13","34","4","0","0",".238",".306",".315",".620",".274","-3.0","-0.2","-0.3","5519"
"Anthony Recker","Braves","30","88","78","16","3","0","3","10","9","8","26","1","0","0",".203",".284",".343",".627",".274","-1.9","0.3","-0.1","4063"
"Jurickson Profar","Rangers","57","200","174","37","6","1","2","22","16","20","39","3","3","2",".215",".305",".302",".607",".274","0.9","-0.8","-0.3","10815"
"Jared Hoying","Rangers","71","241","224","50","9","1","7","31","26","13","64","1","7","2",".225",".268",".374",".642",".274","0.8","1.4","0.0","10882"
"David Washington","Orioles","40","150","135","25","5","0","7","16","18","13","69","1","1","1",".186",".260",".380",".639",".274","-1.8","-0.2","-0.5","12110"
"J.T. Riddle","Marlins","115","434","402","101","20","2","5","39","50","21","84","1","2","3",".252",".285",".354",".640",".274","2.8","-2.2","0.0","17642"
"Chris Bostick","Pirates","47","186","171","39","7","2","3","18","17","11","49","2","5","4",".228",".281",".350",".631",".273","0.4","-0.7","-0.1","13718"
"Matt den Dekker","Tigers","46","154","139","30","6","1","3","17","13","13","42","1","4","1",".217",".287",".334",".621",".273","1.5","0.4","-0.1","11385"
"Giovanny Urshela","Indians","43","169","161","40","8","1","3","17","17","6","26","1","0","0",".246",".274",".361",".635",".272","1.5","0.1","0.1","10681"
"Cheslor Cuthbert","Royals","88","309","291","69","15","1","6","24","32","16","65","0","1","1",".238",".277",".353",".631",".272","-0.6","0.2","-0.5","10473"
"Zach Granite","Twins","45","196","179","45","6","2","1","22","14","12","25","1","11","4",".249",".299",".318",".617",".272","0.9","0.4","0.0","15343"
"Adam Rosales","Athletics","110","339","310","72","16","0","7","27","41","18","101","3","2","2",".232",".277",".354",".631",".272","-1.7","1.7","0.3","9682"
"Chris Marrero","Giants","53","189","175","40","7","1","5","16","21","11","38","1","0","0",".227",".273",".360",".632",".272","-1.5","-1.0","-0.5","2852"
"Mike Ohlman","Blue Jays","37","132","122","28","5","0","3","12","13","9","40","0","0","0",".230",".281",".343",".623",".271","-2.6","0.0","-0.2","10347"
"Cristhian Adames","Rockies","56","155","141","33","5","1","2","14","11","10","30","1","2","2",".237",".291",".327",".618",".271","0.7","-0.1","-0.5","6013"
"Lane Adams","Braves","79","201","186","41","7","1","5","21","20","13","59","2","13","2",".223",".277",".345",".622",".271","1.0","1.4","-0.1","10767"
"Cliff Pennington","Angels","86","218","194","45","6","1","2","25","15","21","53","0","3","1",".233",".307",".296",".603",".271","0.7","2.5","0.3","3395"
"Franchy Cordero","Padres","78","311","289","64","9","5","7","37","28","17","111","2","6","5",".222",".269",".364",".633",".270","1.5","1.1","0.0","14567"
"Boog Powell","Mariners","57","181","160","37","3","1","1","20","11","18","36","1","3","3",".230",".309",".288",".596",".270","3.7","-1.7","-0.2","15103"
"Allen Cordoba","Padres","104","301","275","64","6","3","4","29","22","19","55","3","6","4",".234",".287",".328",".615",".269","-5.4","-0.9","-1.1","15722"
"Taylor Featherston","Rays","58","191","173","37","7","1","5","23","19","13","56","2","3","1",".212",".269",".359",".627",".269","0.1","0.7","0.0","12590"
"A.J. Ellis","Marlins","50","171","149","32","3","0","3","15","13","16","33","3","0","0",".216",".305",".288",".593",".269","0.4","-0.4","0.0","5677"
"Arismendy Alcantara","Reds","111","283","268","60","11","4","7","36","28","12","90","0","8","2",".225",".258",".372",".630",".269","-1.0","1.7","-0.5","10711"
"Jesus Sucre","Rays","60","195","181","44","7","0","5","19","30","7","34","0","1","0",".243",".264",".367",".631",".268","3.5","-0.6","0.5","5942"
"Rey Fuentes","Diamondbacks","80","255","236","57","5","3","3","30","14","14","57","1","9","3",".242",".287",".325",".612",".268","2.0","0.1","-0.4","10329"
"Tom Murphy","Rockies","38","136","126","26","7","1","4","14","17","9","42","1","1","1",".207",".262",".373",".635",".267","-2.2","0.7","-0.4","13499"
"Kaleb Cowart","Angels","44","167","154","35","9","1","2","17","17","11","46","1","4","2",".224",".278",".339",".618",".267","1.3","1.7","0.3","11494"
"Matt Chapman","Athletics","47","197","179","35","9","1","6","21","22","16","73","1","1","2",".193",".262",".359",".621",".267","4.1","-0.4","0.3","16505"
"Josh Phegley","Athletics","76","235","221","47","15","0","6","23","20","9","40","4","0","1",".213",".257",".364",".620",".267","1.6","0.5","0.5","9308"
"Adeiny Hechavarria","Rays","85","305","289","74","9","3","3","28","25","12","46","0","2","1",".255",".283",".338",".621",".266","3.5","-0.2","0.3","10459"
"Josh Rutledge","Red Sox","73","238","216","50","7","2","1","22","19","17","63","4","3","1",".231",".297",".298",".596",".266","-3.0","1.0","-0.6","11167"
"Austin Romine","Yankees","87","292","266","63","11","0","5","27","33","19","62","0","0","0",".235",".283",".327",".610",".266","-1.7","-2.4","-0.4","5491"
"Anthony Alford","Blue Jays","39","161","145","29","7","1","3","15","13","13","58","1","5","3",".202",".274",".330",".604",".265","1.2","0.4","0.0","14329"
"Rafael Bautista","Nationals","45","179","164","40","4","1","1","17","11","10","32","2","13","3",".245",".294",".305",".598",".265","-0.9","1.4","-0.3","15769"
"Mason Williams","Yankees","35","140","129","31","5","1","1","15","10","9","24","0","5","2",".238",".284",".321",".605",".264","-2.0","0.5","-0.3","11859"
"Christian Bethancourt","Padres","42","122","117","28","6","0","3","12","13","4","29","0","2","1",".238",".265",".353",".618",".264","0.9","-0.4","0.1","10028"
"Kevin Plawecki","Mets","48","170","153","34","7","0","2","14","19","11","27","3","0","0",".221",".284",".318",".602",".264","0.5","0.5","0.1","13807"
"Rajai Davis","Athletics","109","388","355","77","20","3","5","51","26","28","80","1","19","5",".216",".274",".327",".601",".263","-4.8","4.1","-0.4","3708"
"Danny Ortiz","Pirates","53","172","163","37","8","1","4","18","20","8","37","1","1","1",".225",".262",".354",".616",".263","-1.2","-0.1","-0.4","10317"
"Darwin Barney","Blue Jays","114","325","301","71","10","0","4","27","23","19","52","1","5","1",".238",".284",".313",".597",".262","2.6","-1.6","-0.4","2430"
"Jace Peterson","Braves","105","341","301","63","13","3","2","24","25","35","73","2","6","3",".210",".296",".292",".588",".262","-2.1","0.6","-1.0","12325"
"Ryan LaMarre","Athletics","31","110","100","21","4","0","3","10","9","7","32","2","3","1",".208",".270",".328",".597",".262","0.9","0.2","0.0","10700"
"Ichiro Suzuki","Marlins","136","262","242","57","6","2","3","29","17","16","45","1","3","2",".237",".285",".310",".595",".262","1.9","0.0","-0.5","1101"
"Hector Sanchez","Padres","53","100","92","18","2","0","5","9","16","5","31","1","0","0",".198",".241",".393",".634",".262","-3.8","0.5","-0.5","10289"
"Deven Marrero","Red Sox","99","322","294","66","14","0","5","47","35","19","89","1","8","1",".226",".272",".330",".602",".262","6.9","-0.7","0.0","13325"
"Kyle Higashioka","Yankees","45","155","144","30","6","1","4","17","19","10","37","0","0","0",".207",".257",".353",".610",".262","-1.3","0.5","-0.1","5517"
"Gift Ngoepe","Pirates","68","204","180","36","7","2","3","24","18","20","79","1","2","1",".200",".281",".308",".589",".262","1.8","-0.1","-0.2","10340"
"Alex Mejia","Cardinals","45","140","131","31","5","1","2","14","12","6","24","1","1","1",".235",".270",".333",".604",".261","0.7","0.5","0.0","13877"
"Drew Butera","Royals","60","139","131","29","4","2","3","13","12","5","26","0","0","0",".223",".255",".353",".608",".261","-0.7","1.1","0.1","3411"
"Conor Gillaspie","Giants","74","187","171","38","8","1","2","17","18","13","26","2","0","1",".221",".278",".321",".599",".261","-0.7","-1.3","-0.5","9009"
"Matt Reynolds","Mets","77","208","192","41","7","2","3","23","15","14","56","1","3","1",".215",".270",".325",".596",".260","1.1","-1.0","-0.3","13788"
"Jacob Stallings","Pirates","27","98","92","20","5","0","2","10","8","5","27","1","1","0",".220",".260",".342",".602",".260","0.8","-1.2","-0.1","13723"
"Ryan Goins","Blue Jays","131","410","372","78","18","2","7","33","47","29","87","0","2","1",".211",".266",".325",".592",".258","-3.9","0.6","-0.9","9807"
"Cam Perkins","Phillies","58","200","186","42","9","1","3","19","18","8","41","3","2","1",".228",".266",".332",".598",".258","-0.4","0.9","-0.6","13444"
"Tyler Smith","Mariners","49","175","159","36","7","1","2","17","12","10","41","2","2","1",".226",".278",".308",".586",".257","0.2","0.2","0.0","12490"
"Travis Jankowski","Padres","58","206","181","39","5","1","1","25","7","20","54","1","11","3",".214",".294",".270",".564",".257","6.1","1.6","0.1","13768"
"Ben Revere","Angels","112","367","349","86","11","4","2","43","19","13","35","1","19","4",".245",".273",".316",".589",".256","-6.2","2.3","-1.3","4712"
"J.J. Hardy","Orioles","119","449","424","95","21","1","7","38","42","20","79","2","0","1",".224",".261",".328",".590",".256","2.4","-2.3","-0.6","3797"
"Christian Arroyo","Giants","79","331","310","69","16","1","5","27","31","17","71","2","2","3",".222",".265",".328",".593",".255","1.0","-2.6","-0.7","16434"
"Roberto Perez","Indians","67","231","201","38","10","0","3","23","27","26","63","0","0","1",".187",".279",".281",".560",".253","0.2","-0.5","-0.2","2900"
"Aaron Hill","Giants","77","222","196","37","7","1","3","20","21","23","36","1","1","1",".190",".275",".291",".566",".253","-1.7","-1.1","-0.8","6104"
"Phil Gosselin","Pirates","68","153","144","33","6","1","1","16","10","8","28","1","1","2",".227",".268",".307",".575",".252","-2.1","-0.5","-0.7","10953"
"Tyler Wade","Yankees","57","237","215","44","8","1","3","25","14","19","59","1","8","3",".205",".272",".292",".565",".251","-1.5","0.8","-0.4","15730"
"Alcides Escobar","Royals","160","653","621","148","30","4","4","63","52","15","109","4","8","5",".238",".260",".322",".582",".251","4.7","4.3","-0.3","6310"
"Orlando Calixte","Giants","48","188","171","37","7","1","2","14","15","12","50","0","4","2",".217",".266",".308",".574",".250","0.5","0.8","-0.6","11905"
"Cody Asche","White Sox","66","232","213","41","9","0","6","24","23","15","69","3","1","1",".192",".255",".325",".580",".250","-2.7","0.1","-1.5","11997"
"JaCoby Jones","Tigers","64","223","203","38","6","2","5","20","20","14","86","4","5","3",".187",".252",".317",".570",".250","4.7","0.1","-0.1","14818"
"Paulo Orlando","Royals","59","214","203","48","7","1","2","20","15","6","49","3","6","3",".234",".266",".305",".571",".249","3.6","1.5","-0.4","8628"
"Adrian Sanchez","Nationals","45","133","126","30","5","1","1","12","9","5","23","1","2","1",".237",".269",".302",".571",".249","2.3","-0.3","-0.2","11338"
"Chase d'Arnaud","Padres","80","211","197","42","8","2","3","28","14","12","51","2","12","4",".215",".265",".310",".575",".249","-4.3","0.6","-0.9","6652"
"Craig Gentry","Orioles","84","167","145","29","4","0","2","23","11","15","36","2","8","2",".200",".280",".269",".550",".249","-1.0","1.9","-0.6","9571"
"Christian Colon","Marlins","61","189","170","37","6","0","1","16","9","14","28","1","2","1",".221",".282",".276",".558",".248","4.2","-0.7","-0.2","11145"
"Ryder Jones","Giants","48","189","179","38","8","0","4","17","17","7","38","2","0","1",".211",".247",".324",".571",".247","-1.6","-0.7","-0.7","15982"
"Stuart Turner","Reds","51","161","147","30","7","0","2","11","14","10","42","1","1","1",".206",".261",".300",".562",".247","-0.6","-0.8","-0.6","15207"
"Max Moroff","Pirates","70","246","212","38","8","2","3","23","20","26","73","3","3","4",".178",".274",".270",".544",".247","3.5","-1.2","-0.5","14556"
"Juan Graterol","Angels","49","134","128","32","4","0","1","11","13","3","20","1","0","0",".250",".267",".300",".567",".247","1.3","0.0","0.1","5398"
"Chris Heisey","Nationals","70","151","138","25","5","0","5","16","14","11","40","1","1","0",".180",".246",".320",".565",".246","-0.4","0.5","-0.7","3978"
"Shane Robinson","Angels","32","78","71","15","2","0","0","9","5","6","12","0","2","1",".216",".278",".268",".546",".246","2.0","1.0","0.0","4249"
"Leonys Martin","Mariners","61","232","213","43","7","1","3","25","14","14","55","2","12","3",".204",".260",".296",".556",".245","3.8","2.5","0.1","11846"
"Eric Fryer","Cardinals","61","159","139","25","6","0","0","14","9","18","35","2","1","1",".183",".283",".238",".521",".243","0.6","-1.0","-0.4","8145"
"Luis Torrens","Padres","64","188","170","34","8","0","1","14","9","14","41","2","1","1",".200",".267",".272",".539",".243","-1.1","0.5","-0.4","15905"
"Danny Espinosa","Angels","134","456","407","71","14","0","12","48","50","34","159","9","6","7",".175",".251",".299",".549",".240","3.0","-0.7","-0.9","9219"
"Drew Stubbs","Giants","45","118","106","19","3","1","2","9","7","11","45","1","4","1",".178",".259",".275",".534",".239","-1.2","0.2","-0.5","9328"
"Michael Martinez","Rays","66","150","136","28","4","1","1","12","7","11","39","0","1","2",".204",".265",".264",".529",".237","-0.7","-0.3","-0.6","7358"
"Andres Blanco","Phillies","92","206","188","35","7","0","3","14","13","16","42","1","2","1",".188",".257",".271",".528",".236","0.0","1.4","-0.7","1907"
"Yadiel Rivera","Brewers","41","147","138","29","4","2","1","13","11","5","39","2","2","2",".211",".245",".297",".542",".236","1.5","-0.5","-0.5","11863"
"Chris Stewart","Pirates","48","145","131","27","3","2","0","9","6","9","24","2","0","0",".204",".266",".270",".536",".235","-0.2","-0.7","-0.4","3878"
"Jarrod Saltalamacchia","Blue Jays","43","136","121","19","4","0","4","12","14","13","59","0","0","0",".159",".243",".291",".534",".235","-2.9","-0.3","-0.6","5557"
"Jeff Mathis","Diamondbacks","67","219","205","39","10","3","3","13","17","10","64","2","1","0",".188",".232",".316",".548",".233","0.5","0.5","-0.6","3448"
"Nolan Fontana","Angels","40","151","132","22","5","1","2","13","9","15","49","1","3","3",".164",".254",".256",".510",".232","1.0","-0.5","-0.3","13267"
"Carlos Perez","Angels","35","121","113","23","6","0","2","10","13","6","24","0","1","0",".200",".240",".292",".532",".232","0.4","0.4","-0.1","10642"
"Luis Sardinas","Padres","79","224","209","46","6","1","0","19","13","12","42","1","5","2",".218",".262",".259",".521",".231","-1.9","0.5","-1.1","13153"
"Steve Lombardozzi","Marlins","32","119","111","25","4","0","0","9","7","5","17","0","2","1",".222",".259",".263",".522",".230","-2.5","0.3","-0.7","5422"
"Mike Freeman","Dodgers","64","201","185","35","5","1","3","18","12","15","46","1","3","1",".188",".249",".270",".519",".228","-0.2","1.1","-0.9","11241"
"Pete Kozma","Rangers","83","184","166","30","5","0","2","20","11","12","48","4","2","2",".181",".250",".248",".499",".226","1.6","-1.5","-0.9","2539"
"Terrance Gore","Royals","37","108","95","19","1","0","0","10","4","6","28","2","12","2",".203",".263",".224",".487",".224","-0.6","1.6","-0.4","13658"
"Jose Lobaton","Nationals","49","164","148","24","4","0","3","14","9","14","37","0","0","0",".165",".234",".269",".504",".223","-1.3","1.5","-0.6","4243"
"Ian Parmley","Blue Jays","29","96","87","17","2","1","0","7","5","6","30","0","2","1",".193",".243",".238",".481",".216","1.8","0.2","-0.5","13821"
"Emilio Bonifacio","Braves","69","121","108","21","3","2","0","10","9","5","26","0","3","1",".194",".228",".262",".490",".214","-2.4","0.2","-1.0","4054"
"Jacob May","White Sox","49","175","160","29","4","0","1","15","12","9","53","2","6","3",".180",".233",".236",".469",".211","0.2","0.6","-1.0","14876"
"Paul Janish","Orioles","48","139","127","24","3","0","0","8","9","8","24","1","0","1",".189",".240",".220",".460",".209","-0.2","0.6","-0.7","7412"
"Tuffy Gosewisch","Mariners","33","109","101","17","3","0","2","7","7","5","31","1","0","0",".172",".213",".254",".467",".206","-0.7","0.0","-0.5","5277"
"Luke Maile","Blue Jays","73","248","233","38","8","0","4","20","17","11","56","2","2","0",".164",".206",".259",".465",".204","2.8","0.2","-0.9","13355"
