"Name","Team","W","L","SV","HLD","ERA","GS","G","IP","H","ER","HR","SO","BB","WHIP","K/9","BB/9","FIP","WAR","playerid"
"Kenley Jansen","Dodgers","2","1","14","2","2.25","0","27","27.0","18","7","3","40","5","0.86","13.49","1.73","2.02","1.2","3096"
"Andrew Miller","Indians","3","1","2","7","2.13","0","28","28.0","19","7","2","43","8","0.95","14.00","2.46","2.14","1.1","6785"
"Craig Kimbrel","Red Sox","2","1","14","2","2.43","0","26","26.0","18","7","2","42","10","1.03","14.26","3.28","2.40","0.9","6655"
"Dellin Betances","Yankees","2","1","0","7","2.50","0","23","23.0","14","7","2","39","11","1.10","14.95","4.38","2.41","0.7","6216"
"Clayton Kershaw","Dodgers","7","3","0","0","2.59","13","13","91.0","73","26","9","111","15","0.97","11.00","1.53","2.53","3.1","2036"
"Aroldis Chapman","Yankees","2","1","12","2","2.47","0","28","28.0","18","8","2","43","12","1.09","13.92","3.81","2.58","1.0","10233"
"Noah Syndergaard","Mets","3","2","0","0","2.98","6","6","38.0","32","13","4","46","9","1.08","10.73","2.07","2.71","1.2","11762"
"Chris Sale","Red Sox","7","3","0","0","2.89","13","13","91.0","75","29","10","112","18","1.03","11.11","1.82","2.80","2.8","10603"
"Wade Davis","Cubs","2","1","14","2","2.56","0","27","27.0","20","8","2","36","10","1.11","11.87","3.39","2.83","0.8","7441"
"Felipe Rivero","Pirates","2","1","11","3","2.93","0","27","27.0","22","9","2","32","9","1.16","10.73","3.09","2.87","0.7","12076"
"Max Scherzer","Nationals","7","3","0","0","3.03","13","13","87.0","69","29","10","111","22","1.04","11.51","2.26","2.93","2.6","3137"
"Zach Britton","Orioles","1","1","4","5","2.63","0","27","27.0","23","8","2","29","9","1.18","9.48","2.96","2.94","0.7","3240"
"Sean Doolittle","Nationals","2","1","12","3","3.17","0","27","27.0","22","10","4","36","6","1.02","11.85","2.00","2.95","0.8","1581"
"Roberto Osuna","Blue Jays","2","1","14","1","2.94","0","27","27.0","22","9","3","33","6","1.04","10.93","2.05","3.02","0.7","13764"
"Edwin Diaz","Mariners","2","1","14","1","3.19","0","26","26.0","21","9","3","37","9","1.11","12.60","2.93","3.02","0.8","14710"
"Trevor Rosenthal","Cardinals","2","1","2","8","2.96","0","27","27.0","21","9","2","37","13","1.27","12.22","4.36","3.03","0.6","10745"
"Ken Giles","Astros","2","1","14","1","3.26","0","27","27.0","22","10","3","35","10","1.19","11.76","3.41","3.05","0.7","12910"
"Mark Melancon","Giants","1","1","12","3","2.85","0","26","26.0","24","8","2","25","6","1.12","8.60","1.96","3.06","0.5","4264"
"Corey Kluber","Indians","7","4","0","0","3.21","14","14","92.0","79","33","10","106","23","1.11","10.40","2.22","3.08","2.5","2429"
"James Hoyt","Astros","1","0","0","2","3.20","0","14","14.0","12","5","2","19","5","1.13","12.07","2.96","3.10","0.1","14605"
"Stephen Strasburg","Nationals","5","3","0","0","3.32","12","12","70.0","61","26","8","83","19","1.13","10.67","2.41","3.11","1.8","10131"
"Corey Knebel","Brewers","1","1","13","1","3.21","0","26","26.0","19","9","3","38","13","1.23","12.96","4.32","3.12","0.7","15010"
"Raisel Iglesias","Reds","2","1","12","2","3.02","0","27","27.0","22","9","3","33","9","1.15","11.00","3.04","3.13","0.7","17130"
"Dillon Gee","Twins","0","0","0","0","0.00","0","0","0.0","0","0","0","0","0","0.00","0.00","0.00","3.13","0.0","7396"
"Fernando Romero","","0","0","0","0","0.00","0","0","0.0","0","0","0","0","0","0.00","0.00","0.00","3.13","0.0","sa657418"
"Roenis Elias","Red Sox","0","0","0","0","0.00","0","0","0.0","0","0","0","0","0","0.00","0.00","0.00","3.13","0.0","12673"
"Hector Velazquez","Red Sox","0","0","0","0","0.00","0","0","0.0","0","0","0","0","0","0.00","0.00","0.00","3.13","0.0","19341"
"Cody Anderson","Indians","0","0","0","0","0.00","0","0","0.0","0","0","0","0","0","0.00","0.00","0.00","3.13","0.0","12799"
"Taylor Guerrieri","","0","0","0","0","0.00","0","0","0.0","0","0","0","0","0","0.00","0.00","0.00","3.13","0.0","sa597787"
"Tim Cooney","Indians","0","0","0","0","0.00","0","0","0.0","0","0","0","0","0","0.00","0.00","0.00","3.13","0.0","13762"
"Henry Owens","Red Sox","0","0","0","0","0.00","0","0","0.0","0","0","0","0","0","0.00","0.00","0.00","3.13","0.0","13143"
"Pierce Johnson","Cubs","0","0","0","0","0.00","0","0","0.0","0","0","0","0","0","0.00","0.00","0.00","3.13","0.0","13435"
"Felix Jorge","Twins","0","0","0","0","0.00","0","0","0.0","0","0","0","0","0","0.00","0.00","0.00","3.13","0.0","14532"
"Hunter Wood","Rays","0","0","0","0","0.00","0","0","0.0","0","0","0","0","0","0.00","0.00","0.00","3.13","0.0","15091"
"Matt Andriese","Rays","0","0","0","0","0.00","0","0","0.0","0","0","0","0","0","0.00","0.00","0.00","3.13","0.0","12022"
"Jaime Schultz","","0","0","0","0","0.00","0","0","0.0","0","0","0","0","0","0.00","0.00","0.00","3.13","0.0","sa708975"
"Liam Hendriks","Athletics","1","1","1","6","3.51","0","23","23.0","21","9","2","25","6","1.17","9.92","2.29","3.18","0.4","3548"
"Blake Parker","Angels","1","1","2","6","3.17","0","26","26.0","21","9","3","32","9","1.15","11.03","3.02","3.19","0.5","5224"
"Greg Holland","Rockies","1","1","12","2","3.42","0","26","26.0","21","10","2","34","12","1.30","11.69","4.31","3.21","0.7","7196"
"Hector Rondon","Cubs","1","1","1","4","3.23","0","19","19.0","16","7","2","22","5","1.14","10.26","2.62","3.25","0.2","2391"
"Cam Bedrosian","Angels","1","1","13","1","3.23","0","26","26.0","22","9","3","31","10","1.22","10.85","3.53","3.25","0.6","13360"
"Madison Bumgarner","Giants","4","2","0","0","3.16","8","8","52.0","46","18","6","55","12","1.10","9.59","2.04","3.26","1.2","5524"
"Ryan Madson","Nationals","2","1","3","7","3.24","0","27","27.0","26","10","3","27","7","1.20","8.87","2.35","3.26","0.5","1852"
"Brad Hand","Padres","1","1","2","6","3.28","0","27","27.0","23","10","3","32","10","1.20","10.65","3.24","3.26","0.5","9111"
"Koji Uehara","Cubs","2","1","0","7","3.27","0","23","23.0","19","8","3","27","7","1.09","10.45","2.54","3.27","0.5","9227"
"Jim Johnson","Braves","2","2","14","1","3.52","0","28","28.0","26","11","2","29","9","1.26","9.31","3.01","3.28","0.6","3656"
"Phil Maton","Padres","2","1","1","6","3.30","0","23","23.0","20","8","3","28","7","1.15","10.96","2.69","3.28","0.4","18064"
"Alex Wood","Dodgers","4","3","0","0","3.29","9","13","55.0","49","20","5","56","16","1.19","9.28","2.70","3.29","1.2","13781"
"Chris Archer","Rays","5","4","0","0","3.43","13","13","83.0","71","31","9","95","27","1.19","10.40","2.97","3.30","2.0","6345"
"Brett Cecil","Cardinals","2","1","1","7","3.45","0","23","23.0","21","9","2","25","8","1.23","9.84","2.98","3.30","0.4","2660"
"Andrew Chafin","Diamondbacks","1","1","0","4","3.21","0","19","19.0","17","7","2","20","7","1.26","9.50","3.46","3.31","0.2","12988"
"Jeurys Familia","Mets","1","0","1","0","3.20","0","11","11.0","9","4","1","12","4","1.27","9.71","3.73","3.31","0.0","5114"
"Addison Reed","Mets","1","1","13","3","3.48","0","28","28.0","26","11","3","30","7","1.14","9.63","2.13","3.31","0.5","10586"
"Cody Allen","Indians","2","1","14","1","3.30","0","28","28.0","22","10","3","36","10","1.19","11.73","3.40","3.32","0.6","12183"
"Lance McCullers","Astros","5","3","0","0","3.36","11","11","66.0","58","25","6","76","26","1.28","10.37","3.54","3.34","1.5","14120"
"Chris Devenski","Astros","2","1","1","7","3.30","0","27","27.0","23","10","3","31","7","1.12","10.41","2.37","3.34","0.5","12763"
"Pedro Strop","Cubs","1","1","0","6","3.14","0","23","23.0","18","8","2","27","9","1.20","10.59","3.66","3.35","0.3","4070"
"Keone Kela","Rangers","2","1","1","7","3.40","0","23","23.0","19","9","3","30","10","1.22","11.78","3.74","3.37","0.5","14696"
"Carlos Carrasco","Indians","6","4","0","0","3.51","12","12","76.0","69","30","9","83","19","1.17","9.84","2.31","3.37","1.8","6632"
"David Robertson","Yankees","2","1","4","5","3.50","0","28","28.0","23","11","3","36","10","1.20","11.67","3.37","3.38","0.6","8241"
"Jacob deGrom","Mets","5","4","0","0","3.53","13","13","84.0","76","33","10","91","24","1.18","9.68","2.53","3.40","1.9","10954"
"Josh Fields","Dodgers","1","1","0","6","3.71","0","23","23.0","19","9","3","28","8","1.19","10.91","3.06","3.40","0.3","5070"
"Tommy Kahnle","Yankees","1","1","0","5","3.31","0","23","23.0","19","9","3","30","11","1.26","11.67","4.15","3.43","0.3","11384"
"James Paxton","Mariners","5","4","0","0","3.56","12","12","70.0","65","28","7","71","22","1.25","9.10","2.81","3.44","1.6","11828"
"Nate Jones","White Sox","1","0","0","0","3.26","0","11","11.0","9","4","1","13","3","1.15","10.73","2.89","3.44","0.0","4696"
"Hunter Strickland","Giants","1","1","0","7","3.31","0","22","22.0","20","8","2","23","8","1.23","9.25","3.21","3.44","0.3","7836"
"Joakim Soria","Royals","2","2","1","6","3.38","0","28","28.0","25","10","3","30","10","1.26","9.73","3.24","3.44","0.4","6941"
"Justin Wilson","Tigers","2","2","13","2","3.67","0","28","28.0","24","11","3","33","11","1.25","10.72","3.46","3.46","0.5","4301"
"Pat Neshek","Phillies","1","1","1","7","3.36","0","23","23.0","21","9","3","25","6","1.12","9.45","2.13","3.47","0.4","4682"
"Adam Liberatore","Dodgers","0","0","0","0","3.49","0","6","6.0","5","2","1","7","2","1.22","10.11","3.29","3.49","0.0","10637"
"Carter Capps","Padres","0","0","0","0","3.50","0","6","6.0","5","2","1","8","3","1.25","11.03","3.94","3.50","0.0","12803"
"Juan Nicasio","Pirates","2","1","1","7","3.68","0","27","27.0","25","11","3","29","10","1.29","9.65","3.32","3.50","0.4","7731"
"Jameson Taillon","Pirates","4","3","0","0","3.62","11","11","63.0","62","25","6","56","16","1.24","8.08","2.26","3.51","1.2","11674"
"Carl Edwards Jr.","Cubs","2","1","1","7","3.40","0","27","27.0","20","10","3","38","16","1.30","12.53","5.20","3.51","0.4","13607"
"Jose Quintana","Cubs","6","4","0","0","3.45","13","13","80.0","75","31","9","77","22","1.20","8.67","2.45","3.51","1.8","11423"
"Carson Smith","Red Sox","0","0","0","0","3.60","0","6","6.0","6","2","1","6","2","1.31","9.20","3.52","3.51","0.0","13172"
"Kelvin Herrera","Royals","2","1","14","1","3.45","0","28","28.0","25","11","3","30","8","1.20","9.69","2.65","3.52","0.4","6033"
"David Price","Red Sox","6","4","0","0","3.68","13","13","86.0","83","35","11","87","20","1.19","9.11","2.07","3.52","1.9","3184"
"Grant Dayton","Dodgers","1","1","0","5","3.44","0","19","19.0","15","7","2","23","7","1.17","11.15","3.15","3.52","0.2","11203"
"Dallas Keuchel","Astros","6","4","0","0","3.62","12","12","79.0","76","32","8","71","21","1.23","8.06","2.44","3.53","1.6","9434"
"Jerry Blevins","Mets","1","1","0","6","3.72","0","24","24.0","20","10","3","29","10","1.27","10.81","3.83","3.53","0.3","7841"
"Brandon Maurer","Padres","1","2","14","1","3.84","0","27","27.0","25","12","3","28","8","1.23","9.16","2.69","3.53","0.4","4878"
"Kyle Barraclough","Marlins","2","1","2","8","3.55","0","28","28.0","21","11","2","35","17","1.40","11.34","5.66","3.53","0.4","13713"
"Archie Bradley","Diamondbacks","2","1","2","7","3.68","0","27","27.0","25","11","3","30","10","1.29","10.00","3.40","3.54","0.5","12918"
"Will Harris","Astros","1","1","0","4","3.48","0","17","17.0","15","6","2","18","5","1.19","9.61","2.59","3.54","0.2","3192"
"Zach Putnam","White Sox","1","0","0","0","3.53","0","9","9.0","8","3","1","10","4","1.28","10.19","3.66","3.55","0.0","9080"
"Aaron Nola","Phillies","4","4","0","0","3.75","10","10","62.0","59","26","7","60","16","1.22","8.73","2.36","3.55","1.3","16149"
"Zach Duke","Cardinals","0","0","0","0","3.37","0","8","8.0","7","3","1","9","4","1.32","9.39","3.88","3.56","0.0","3840"
"Joe Smith","Blue Jays","2","1","1","6","3.39","0","27","27.0","25","10","3","29","8","1.21","9.48","2.77","3.56","0.4","3281"
"Seung Hwan Oh","Cardinals","2","1","14","1","3.64","0","27","27.0","25","11","4","30","7","1.17","9.75","2.43","3.57","0.4","18719"
"Mychal Givens","Orioles","1","1","0","6","3.52","0","23","23.0","20","9","3","27","9","1.24","10.71","3.48","3.58","0.3","10430"
"Jeff Samardzija","Giants","5","4","0","0","3.68","13","13","85.0","82","35","10","78","18","1.17","8.29","1.87","3.58","1.5","3254"
"David Phelps","Marlins","1","1","0","6","3.43","0","23","23.0","20","9","2","24","9","1.25","9.18","3.40","3.59","0.2","6316"
"Oliver Drake","Brewers","1","1","0","5","3.73","0","22","22.0","19","9","3","27","10","1.30","11.07","4.01","3.59","0.3","8823"
"Jon Lester","Cubs","6","4","0","0","3.54","14","14","85.0","77","33","10","84","24","1.19","8.96","2.53","3.59","1.7","4930"
"Joe Kelly","Red Sox","1","1","0","7","3.66","0","22","22.0","21","9","2","23","9","1.34","9.16","3.61","3.59","0.3","9761"
"Kirby Yates","Padres","1","1","0","4","3.51","0","19","19.0","16","7","2","24","7","1.22","11.24","3.46","3.60","0.2","9073"
"Alex Colome","Rays","2","1","14","1","3.44","0","26","26.0","24","10","3","28","9","1.22","9.44","2.99","3.60","0.4","6661"
"Tommy Hunter","Rays","1","1","2","7","3.69","0","26","26.0","26","11","3","24","7","1.24","8.09","2.44","3.61","0.3","1157"
"Boone Logan","Indians","1","1","0","5","3.67","0","23","23.0","20","10","3","29","10","1.29","10.95","3.81","3.61","0.3","5525"
"Michael Feliz","Astros","1","1","0","5","3.91","0","19","19.0","16","8","2","23","7","1.26","10.99","3.59","3.62","0.2","11903"
"Zack Greinke","Diamondbacks","6","4","0","0","3.63","13","13","81.0","76","33","10","79","19","1.18","8.72","2.15","3.63","1.7","1943"
"Jake McGee","Rockies","1","1","0","7","3.70","0","22","22.0","21","9","3","24","7","1.26","9.89","2.85","3.63","0.3","7550"
"Chaz Roe","Braves","0","0","0","0","3.72","0","6","6.0","6","3","1","7","3","1.33","9.71","3.92","3.63","0.0","9866"
"Gerrit Cole","Pirates","5","5","0","0","3.85","13","13","80.0","80","34","9","74","21","1.25","8.30","2.30","3.64","1.5","13125"
"Brad Brach","Orioles","2","1","11","2","3.52","0","27","27.0","23","11","3","32","11","1.24","10.51","3.48","3.64","0.5","6627"
"Koda Glover","Nationals","1","1","0","3","3.70","0","17","17.0","16","7","2","17","5","1.22","9.07","2.66","3.65","0.1","17695"
"Paul Sewald","Mets","1","1","2","7","3.75","0","28","28.0","25","12","4","32","10","1.21","10.17","3.08","3.65","0.4","13892"
"Carlos Martinez","Cardinals","6","4","0","0","3.58","14","14","85.0","78","34","9","86","31","1.28","9.11","3.30","3.66","1.6","11682"
"Jacob Barnes","Brewers","1","1","2","6","3.77","0","26","26.0","24","11","3","29","10","1.31","9.85","3.62","3.66","0.4","12323"
"Nick Vincent","Mariners","2","1","1","6","3.69","0","26","26.0","25","11","3","26","7","1.22","8.86","2.47","3.66","0.4","7555"
"A.J. Ramos","Marlins","2","1","14","2","3.51","0","28","28.0","22","11","3","33","14","1.33","10.58","4.67","3.66","0.3","8350"
"Luke Weaver","Cardinals","1","1","0","0","3.83","2","13","22.0","21","9","3","21","6","1.21","8.55","2.28","3.67","0.2","16918"
"Luke Gregerson","Astros","1","1","1","7","3.72","0","23","23.0","20","9","3","25","7","1.20","9.77","2.81","3.68","0.3","4090"
"Matt Bush","Rangers","2","2","12","2","3.77","0","27","27.0","25","11","3","29","9","1.24","9.60","2.93","3.68","0.5","1246"
"Trevor Hildenberger","Twins","1","1","0","1","3.77","0","13","13.0","13","5","1","11","3","1.26","8.10","2.35","3.68","0.1","17002"
"Lucas Sims","","0","0","0","0","3.60","0","4","4.0","3","2","0","5","2","1.26","11.27","4.21","3.68","0.0","sa657914"
"Mike Minor","Royals","1","1","0","5","3.66","0","23","23.0","21","10","3","24","8","1.24","9.21","2.95","3.69","0.2","10021"
"Yu Darvish","Rangers","5","4","0","0","3.86","14","14","82.0","76","35","11","93","28","1.27","10.19","3.09","3.69","1.7","13074"
"David Hernandez","Angels","1","1","0","2","3.60","0","14","14.0","13","6","2","15","5","1.29","9.43","3.21","3.69","0.0","4259"
"Pedro Baez","Dodgers","1","1","1","7","3.69","0","27","27.0","24","11","3","29","9","1.21","9.65","3.01","3.70","0.4","5420"
"Marcus Stroman","Blue Jays","5","4","0","0","3.97","13","13","80.0","82","35","8","68","22","1.29","7.67","2.45","3.70","1.6","13431"
"Robbie Ray","Diamondbacks","5","4","0","0","3.84","12","12","70.0","63","30","9","87","30","1.32","11.10","3.88","3.70","1.4","11486"
"Drew Steckenrider","Marlins","1","0","0","0","3.65","0","11","11.0","9","4","1","11","5","1.37","9.57","4.54","3.71","0.0","18806"
"Garrett Richards","Angels","2","1","0","0","3.70","5","5","28.0","25","11","3","26","10","1.29","8.51","3.29","3.71","0.5","9784"
"James Pazos","Mariners","1","1","0","5","3.61","0","22","22.0","20","9","2","26","10","1.31","10.27","3.99","3.72","0.2","13323"
"Erick Fedde","","0","0","0","0","3.73","0","4","4.0","4","2","0","4","1","1.27","8.47","2.81","3.73","0.0","sa599293"
"Cory Mazzoni","Padres","0","0","0","0","3.70","0","4","4.0","4","2","1","5","2","1.25","9.69","3.22","3.73","0.0","12537"
"Clay Holmes","","0","0","0","0","3.65","0","6","6.0","6","3","0","6","3","1.40","8.56","4.06","3.73","0.0","sa598167"
"Zach McAllister","Indians","1","1","0","1","3.73","0","13","13.0","12","5","2","14","4","1.28","9.96","3.12","3.73","0.1","2895"
"Matt Bowman","Cardinals","1","1","0","6","3.76","0","23","23.0","23","10","2","18","7","1.30","7.08","2.73","3.75","0.2","13528"
"Danny Barnes","Blue Jays","1","1","0","2","3.89","0","15","15.0","13","6","2","17","4","1.19","10.23","2.54","3.75","0.0","11388"
"Rich Hill","Dodgers","5","3","0","0","3.49","11","11","61.0","51","24","7","68","24","1.24","10.02","3.59","3.75","1.2","4806"
"Jake Arrieta","Cubs","6","4","0","0","3.63","12","12","75.0","66","30","8","71","25","1.22","8.61","3.00","3.75","1.4","4153"
"Luis Severino","Yankees","5","4","0","0","3.89","12","12","73.0","68","32","9","77","22","1.24","9.40","2.73","3.76","1.5","15890"
"Darren O'Day","Orioles","2","1","0","5","3.40","0","23","23.0","19","9","3","27","9","1.22","10.67","3.35","3.76","0.3","3321"
"Arodys Vizcaino","Braves","1","1","3","6","3.77","0","28","28.0","25","12","3","32","12","1.33","10.48","3.99","3.76","0.3","5498"
"Tony Zych","Mariners","1","1","0","3","3.68","0","16","16.0","15","7","2","17","6","1.30","9.53","3.43","3.76","0.1","12876"
"Josh Smoker","Mets","1","1","0","10","3.83","0","17","11.0","9","5","1","13","4","1.28","10.86","3.66","3.76","0.1","10285"
"Blake Treinen","Athletics","1","1","2","6","3.65","0","27","27.0","25","11","2","25","11","1.36","8.22","3.72","3.77","0.3","12572"
"Shae Simmons","Mariners","0","0","0","0","3.65","0","6","6.0","5","2","1","6","3","1.32","9.53","3.91","3.77","0.0","14200"
"Danny Salazar","Indians","4","3","0","0","3.79","7","18","51.0","45","21","7","60","19","1.26","10.60","3.44","3.78","0.8","5867"
"Matt Barnes","Red Sox","1","1","0","6","3.86","0","22","22.0","20","10","2","24","10","1.36","9.80","3.99","3.79","0.2","12863"
"Alec Mills","Cubs","0","0","0","0","3.73","0","4","4.0","4","2","1","4","1","1.22","8.59","2.51","3.79","0.0","13834"
"Sonny Gray","Athletics","4","4","0","0","3.94","12","12","73.0","73","32","8","65","24","1.32","7.91","2.94","3.79","1.2","12768"
"A.J. Schugel","Pirates","1","1","0","2","3.88","0","14","14.0","14","6","1","12","4","1.30","7.53","2.75","3.80","0.0","11432"
"Sam Dyson","Giants","2","2","4","6","3.66","0","26","26.0","26","11","2","22","10","1.37","7.40","3.31","3.80","0.2","11710"
"Tyler Lyons","Cardinals","1","1","0","5","3.55","1","20","23.0","21","9","3","23","6","1.19","8.93","2.48","3.80","0.2","11334"
"Nick Wittgren","Marlins","1","1","0","4","3.75","0","17","17.0","16","7","2","16","4","1.21","8.19","2.24","3.81","0.1","15594"
"Brian Duensing","Cubs","1","1","0","4","3.50","0","17","17.0","15","7","2","16","5","1.24","8.71","2.93","3.81","0.1","4064"
"Luis Avilan","Dodgers","1","1","0","1","3.57","0","12","12.0","11","5","1","13","5","1.29","9.20","3.52","3.81","0.0","2882"
"Anthony Swarzak","White Sox","1","2","14","1","4.09","0","28","28.0","27","13","4","27","9","1.28","8.71","2.75","3.82","0.5","7466"
"Brandon Morrow","Dodgers","1","1","0","2","3.96","0","14","14.0","14","6","2","13","4","1.26","8.08","2.57","3.82","0.0","9346"
"Kenta Maeda","Dodgers","4","4","0","0","3.81","11","11","63.0","59","27","8","61","17","1.21","8.72","2.39","3.82","1.1","18498"
"Johnny Cueto","Giants","5","4","0","0","3.68","13","13","86.0","83","35","10","73","24","1.24","7.66","2.45","3.82","1.4","6893"
"Aaron Barrett","","3","3","0","0","3.82","0","65","65.0","58","28","8","69","26","1.30","9.60","3.60","3.83","0.1","11243"
"Trevor Cahill","Padres","3","3","0","0","3.84","8","8","47.0","42","20","5","50","22","1.37","9.70","4.15","3.83","0.8","6249"
"Simon Castro","Athletics","1","1","0","1","3.84","0","12","12.0","11","5","2","13","4","1.28","9.63","3.21","3.83","0.0","9243"
"Chris Hatcher","Dodgers","1","1","0","0","3.87","0","10","10.0","9","4","1","11","3","1.23","9.83","2.98","3.84","0.0","3299"
"Michael Wacha","Cardinals","3","3","0","0","3.99","10","10","58.0","57","26","6","53","19","1.31","8.21","2.99","3.84","0.9","14078"
"Alex Claudio","Rangers","1","1","0","3","3.79","1","17","21.0","22","9","2","15","6","1.33","6.58","2.40","3.84","0.2","12890"
"Blake Wood","Reds","1","1","0","5","3.87","0","23","23.0","21","10","2","25","11","1.37","9.75","4.34","3.84","0.2","1345"
"Daniel Coulombe","Athletics","1","1","0","5","3.90","0","23","23.0","21","10","2","23","10","1.36","8.94","3.85","3.85","0.1","13293"
"Chad Green","Yankees","1","1","0","2","3.96","1","16","19.0","18","8","3","21","6","1.25","9.77","2.81","3.85","0.1","15552"
"Samuel Tuivailala","Cardinals","1","1","0","1","3.80","0","13","13.0","11","5","1","14","6","1.36","10.03","4.30","3.85","0.0","13485"
"Bryan Shaw","Indians","1","1","0","7","3.73","0","23","23.0","22","10","2","22","9","1.35","8.50","3.51","3.86","0.2","8110"
"George Kontos","Giants","1","1","0","6","3.70","0","22","22.0","21","9","3","20","7","1.27","7.95","2.81","3.86","0.1","9486"
"Hector Neris","Phillies","1","1","13","1","3.79","0","28","28.0","24","12","4","31","11","1.26","10.18","3.45","3.86","0.4","11804"
"Jack Flaherty","","0","0","0","0","3.82","0","4","4.0","4","2","1","4","1","1.25","8.87","2.95","3.87","0.0","sa828681"
"Oliver Perez","Nationals","1","1","0","2","3.83","0","15","15.0","13","6","2","17","6","1.29","10.22","3.63","3.87","0.0","1514"
"Rick Porcello","Red Sox","6","4","0","0","4.00","13","13","85.0","87","38","11","72","16","1.22","7.62","1.73","3.87","1.5","2717"
"Matt Albers","Nationals","1","1","0","7","3.79","0","23","23.0","23","10","3","21","7","1.30","8.15","2.90","3.88","0.2","4300"
"Steven Matz","Mets","4","4","0","0","3.94","10","10","61.0","59","27","8","57","18","1.27","8.41","2.65","3.88","1.2","13361"
"Ross Stripling","Dodgers","1","1","0","4","4.05","1","18","24.0","24","11","3","21","7","1.28","7.90","2.63","3.88","0.2","13273"
"Jonathan Holder","Yankees","1","1","0","3","3.97","0","17","17.0","16","8","2","17","4","1.21","9.24","2.37","3.88","0.1","16588"
"Drew Pomeranz","Red Sox","4","3","0","0","3.94","11","11","60.0","55","26","8","62","23","1.31","9.36","3.44","3.90","1.0","11426"
"Junichi Tazawa","Marlins","0","0","0","0","4.02","0","6","6.0","6","3","1","6","2","1.26","8.71","2.89","3.90","0.0","4079"
"Kyle Hendricks","Cubs","4","3","0","0","3.80","11","11","64.0","61","27","8","54","17","1.23","7.64","2.42","3.90","1.1","12049"
"Tyler Skaggs","Angels","3","2","0","0","3.91","8","8","45.0","42","19","5","43","16","1.29","8.73","3.13","3.90","0.7","10190"
"Steven Okert","Giants","1","1","0","2","3.75","0","14","14.0","13","6","2","14","5","1.32","8.84","3.41","3.90","0.0","13580"
"Josh Ravin","Dodgers","0","0","0","0","3.82","0","4","4.0","3","2","1","5","2","1.25","11.45","3.94","3.90","0.0","2951"
"Bud Norris","Angels","1","1","1","6","3.98","0","22","22.0","21","10","3","22","7","1.28","8.82","3.01","3.90","0.2","9492"
"Derek Law","Giants","0","0","0","0","3.88","0","4","4.0","4","2","0","4","1","1.31","8.36","3.15","3.90","0.0","13133"
"Sean Manaea","Athletics","4","4","0","0","3.97","12","12","70.0","67","31","8","66","24","1.30","8.51","3.05","3.91","1.1","15873"
"Evan Scribner","Mariners","0","0","0","0","3.84","0","4","4.0","4","2","1","4","1","1.15","9.49","1.81","3.91","0.0","7525"
"Daniel Winkler","Braves","0","0","0","0","3.92","0","4","4.0","4","2","1","5","2","1.29","9.62","3.46","3.91","0.0","12237"
"Taylor Rogers","Twins","1","1","2","7","3.99","0","27","27.0","28","12","3","23","8","1.33","7.65","2.62","3.91","0.3","13449"
"Wade LeBlanc","Pirates","1","1","0","5","3.93","1","19","22.0","23","10","3","18","6","1.28","7.30","2.34","3.92","0.1","5221"
"Heath Hembree","Red Sox","1","1","2","6","3.84","0","26","26.0","25","11","4","28","9","1.27","9.37","2.95","3.92","0.3","11632"
"Dan Otero","Indians","1","1","0","3","3.91","0","17","17.0","18","7","2","12","4","1.29","6.37","1.87","3.92","0.1","7385"
"Yusmeiro Petit","Angels","1","1","0","5","3.93","0","22","22.0","21","10","3","21","5","1.20","8.53","2.19","3.92","0.2","4020"
"Chase Bradford","Mets","0","0","0","0","4.09","0","4","4.0","5","2","0","3","1","1.30","6.85","2.34","3.92","0.0","12452"
"Marc Rzepczynski","Mariners","1","1","0","4","3.82","0","18","18.0","17","8","2","18","9","1.45","8.99","4.52","3.92","0.1","6612"
"Gio Gonzalez","Nationals","4","4","0","0","4.12","12","12","71.0","70","33","8","67","28","1.37","8.50","3.51","3.93","1.2","7448"
"Enny Romero","Nationals","1","1","0","6","3.94","0","23","23.0","20","10","3","25","10","1.31","9.79","3.89","3.93","0.1","4001"
"Xavier Cedeno","Rays","2","2","0","5","3.85","0","22","22.0","21","10","3","22","9","1.31","8.97","3.45","3.94","0.1","36"
"Justin Verlander","Tigers","6","5","0","0","3.98","14","14","91.0","83","40","12","90","31","1.25","8.88","3.03","3.94","1.7","8700"
"Michael Fulmer","Tigers","5","4","0","0","3.88","12","12","76.0","76","33","9","63","21","1.27","7.40","2.46","3.94","1.4","13218"
"Justin Grimm","Cubs","1","1","0","1","3.97","0","13","13.0","11","6","2","15","6","1.31","10.61","4.07","3.94","0.0","11720"
"Steve Cishek","Mariners","1","1","0","6","3.94","0","22","22.0","21","10","3","23","9","1.32","9.14","3.42","3.94","0.1","6483"
"Cory Gearrin","Giants","1","1","0","5","3.82","0","18","18.0","17","8","2","17","8","1.36","8.15","3.77","3.94","0.1","7947"
"Giovanny Gallegos","Yankees","1","1","0","0","4.07","0","11","11.0","10","5","2","12","3","1.22","10.34","2.88","3.95","0.0","14986"
"Austin Pruitt","Rays","1","1","0","1","4.09","0","12","12.0","12","6","2","10","3","1.24","7.41","2.01","3.95","0.0","15290"
"Joe Biagini","Blue Jays","2","2","0","7","4.03","1","24","31.0","32","14","4","27","10","1.33","7.94","2.77","3.95","0.3","13194"
"Luke Hochevar","","3","3","0","0","3.99","0","65","65.0","59","29","9","70","23","1.26","9.76","3.21","3.95","0.3","6943"
"Aaron Brooks","Cubs","0","0","0","0","3.96","0","4","4.0","4","2","1","4","1","1.22","7.65","1.85","3.95","0.0","12272"
"Ryan Dull","Athletics","1","1","0","4","3.84","0","19","19.0","17","8","3","19","6","1.24","9.25","3.00","3.96","0.1","13974"
"Jacob Rhame","","0","0","0","0","3.81","0","4","4.0","4","2","1","5","2","1.24","10.12","3.53","3.96","0.0","sa737837"
"Fernando Salas","Mets","1","1","1","7","4.14","0","24","24.0","22","11","3","24","8","1.26","8.94","2.92","3.96","0.2","4971"
"Matt Grace","Nationals","0","0","0","0","3.93","0","10","10.0","11","5","1","8","4","1.40","6.59","3.28","3.97","0.0","11449"
"Adam Wainwright","Cardinals","5","5","0","0","4.09","12","12","73.0","75","33","8","59","21","1.32","7.30","2.63","3.97","1.2","2233"
"Reyes Moronta","","0","0","0","0","3.78","0","4","4.0","3","2","0","4","2","1.37","9.86","4.73","3.97","0.0","sa597322"
"Tony Watson","Pirates","1","1","3","6","3.77","0","23","23.0","22","10","3","19","6","1.26","7.62","2.56","3.97","0.2","3132"
"Jose Ruiz","","0","0","0","0","4.35","0","4","4.0","4","2","0","5","2","1.45","10.07","5.03","3.97","0.0","sa657492"
"Brad Ziegler","Marlins","1","1","1","7","3.73","0","23","23.0","24","10","2","16","9","1.40","6.21","3.41","3.97","0.1","7293"
"Jake Diekman","Rangers","0","0","0","0","3.82","0","6","6.0","6","3","1","7","3","1.37","9.83","4.39","3.98","0.0","5003"
"Tyler Duffey","Twins","1","1","0","6","4.29","0","23","23.0","24","11","3","21","6","1.29","8.01","2.26","3.98","0.2","13758"
"Brian Ellington","Marlins","0","0","0","0","3.83","0","9","9.0","7","4","1","10","5","1.42","10.22","5.40","3.98","0.0","17233"
"Jose Alvarez","Angels","1","1","0","1","3.96","0","12","12.0","12","5","2","11","4","1.29","8.31","2.86","3.98","0.0","5358"
"Luis Garcia","Phillies","1","1","0","5","3.96","0","23","23.0","23","10","2","22","11","1.46","8.46","4.38","3.98","0.1","6984"
"Zack Godley","Diamondbacks","3","3","0","0","3.97","10","14","59.0","58","26","7","57","23","1.35","8.61","3.42","3.99","0.9","14862"
"Edubray Ramos","Phillies","1","1","0","1","4.04","0","13","13.0","12","6","2","13","5","1.29","9.36","3.44","3.99","0.1","16086"
"Shawn Kelley","Nationals","1","1","1","4","4.15","0","19","19.0","17","9","3","23","7","1.23","10.81","3.12","4.00","0.1","7773"
"Silvino Bracho","Diamondbacks","0","0","0","0","4.06","0","10","10.0","10","5","2","12","3","1.24","10.24","2.95","4.00","0.0","15051"
"Nick Goody","Indians","1","1","0","4","3.88","0","19","19.0","16","8","3","23","8","1.24","10.57","3.71","4.00","0.1","13685"
"Alex Meyer","Angels","3","3","0","0","4.03","8","8","45.0","39","20","5","50","23","1.38","9.97","4.57","4.01","0.7","12833"
"Tony Barnette","Rangers","1","1","0","5","3.86","0","23","23.0","23","10","3","22","8","1.32","8.51","3.00","4.01","0.1","3555"
"Rubby de la Rosa","Diamondbacks","1","1","0","4","4.11","0","17","17.0","16","8","2","17","6","1.30","9.10","3.06","4.02","0.1","3862"
"Chris Flexen","","0","0","0","0","3.95","0","4","4.0","4","2","1","4","2","1.32","8.29","3.23","4.02","0.0","sa658306"
"Ryan Tepera","Blue Jays","1","1","0","6","3.92","0","23","23.0","21","10","3","24","9","1.33","9.27","3.62","4.02","0.2","10291"
"Enrique Burgos","Braves","0","0","0","0","3.91","0","4","4.0","4","2","0","5","3","1.42","10.81","5.37","4.03","0.0","3895"
"Brad Boxberger","Rays","0","0","0","0","3.86","0","4","4.0","3","2","1","5","2","1.34","11.01","4.59","4.03","0.0","10133"
"Ian Krol","Braves","1","1","0","6","4.05","0","23","23.0","23","11","3","24","10","1.37","9.29","3.66","4.03","0.1","10066"
"Shawn Armstrong","Indians","1","1","0","2","3.94","0","15","15.0","13","7","2","18","7","1.36","10.76","4.36","4.03","0.0","12857"
"Masahiro Tanaka","Yankees","5","4","0","0","4.04","12","12","76.0","75","34","12","70","16","1.20","8.39","1.93","4.03","1.4","15764"
"Joe Jimenez","Tigers","0","0","0","0","4.00","0","6","6.0","6","3","1","8","3","1.29","10.62","3.72","4.03","0.0","15761"
"Scott Alexander","Royals","1","1","0","4","3.99","0","19","19.0","19","9","2","15","8","1.43","7.11","3.75","4.03","0.1","10591"
"Jaime Garcia","Braves","4","4","0","0","4.08","12","12","69.0","70","31","8","59","23","1.35","7.68","3.02","4.03","0.9","8137"
"Jose De Leon","Rays","1","1","0","0","4.05","4","4","23.0","20","10","3","25","8","1.24","10.14","3.14","4.04","0.3","15463"
"Brock Stewart","Dodgers","1","1","0","0","4.06","1","10","16.0","15","7","2","16","4","1.23","8.80","2.49","4.04","0.1","16727"
"Walker Lockett","","0","0","0","0","4.01","0","4","4.0","4","2","1","3","1","1.28","6.90","2.16","4.04","0.0","sa657984"
"Andrew Bailey","Angels","0","0","0","0","4.09","0","6","6.0","6","3","1","6","2","1.29","8.83","3.19","4.04","0.0","1368"
"Brandon McCarthy","Dodgers","4","3","0","0","3.95","11","11","60.0","61","26","7","48","17","1.29","7.22","2.52","4.04","1.0","4662"
"Brandon Kintzler","Twins","1","1","14","0","3.97","0","27","27.0","30","12","3","18","7","1.36","6.05","2.26","4.05","0.3","9939"
"Hyun-Jin Ryu","Dodgers","2","2","0","0","4.20","7","7","38.0","39","18","5","33","10","1.28","7.86","2.34","4.05","0.5","14444"
"Josh Osich","Giants","1","1","0","4","3.93","0","16","16.0","15","7","2","15","8","1.42","8.51","4.43","4.05","0.0","11528"
"Josh Hader","Brewers","1","1","0","3","4.07","1","17","20.0","17","9","3","24","10","1.35","10.85","4.38","4.05","0.2","14212"
"Sergio Romo","Dodgers","1","1","0","7","3.98","0","23","23.0","21","10","4","25","7","1.21","9.96","2.64","4.06","0.2","9817"
"Chasen Shreve","Yankees","1","1","0","1","3.88","0","13","13.0","11","6","2","15","6","1.32","10.40","4.05","4.06","0.0","10855"
"Peter Moylan","Royals","1","1","1","6","3.90","0","23","23.0","23","10","2","20","9","1.36","7.53","3.41","4.06","0.1","4891"
"Felix Hernandez","Mariners","5","4","0","0","4.05","12","12","74.0","72","33","10","67","23","1.29","8.16","2.77","4.06","1.1","4772"
"Danny Duffy","Royals","5","4","0","0","3.88","12","12","75.0","72","32","9","66","23","1.28","7.99","2.77","4.06","1.2","3542"
"Luke Jackson","Braves","1","1","0","2","4.02","0","15","15.0","14","7","2","15","8","1.42","9.29","4.55","4.06","0.0","11752"
"Ivan Nova","Pirates","4","5","0","0","4.28","12","12","74.0","82","35","9","50","15","1.31","6.16","1.80","4.06","1.0","1994"
"Buddy Boshers","Twins","1","1","0","3","4.25","0","17","17.0","17","8","2","16","6","1.38","8.34","3.47","4.06","0.1","8490"
"Santiago Casilla","Athletics","2","1","13","1","3.76","0","27","27.0","25","11","3","25","10","1.31","8.24","3.25","4.07","0.2","2873"
"Ryan Pressly","Twins","1","1","0","4","4.07","0","19","19.0","19","9","2","18","7","1.35","8.62","3.12","4.07","0.1","7005"
"Blake Snell","Rays","3","3","0","0","3.98","7","7","38.0","34","17","4","42","20","1.42","9.85","4.71","4.08","0.6","13543"
"Wei-Yin Chen","Marlins","1","1","0","0","4.05","2","2","12.0","12","5","2","10","3","1.26","7.19","2.16","4.09","0.2","13071"
"Seth Frankoff","Cubs","0","0","0","0","4.21","0","4","4.0","4","2","1","4","1","1.31","8.46","3.11","4.09","0.0","11346"
"Daniel Hudson","Pirates","1","1","1","6","4.32","0","23","23.0","23","11","3","21","9","1.36","8.40","3.38","4.09","0.1","7146"
"Shane Greene","Tigers","1","1","1","6","4.40","0","23","23.0","23","11","3","22","9","1.38","8.50","3.50","4.09","0.1","10756"
"Randall Delgado","Diamondbacks","3","3","0","6","4.03","5","29","55.0","53","24","7","52","21","1.35","8.56","3.40","4.10","0.6","5985"
"Sammy Solis","Nationals","0","0","0","0","3.91","0","6","6.0","6","3","1","6","3","1.36","9.05","3.84","4.10","0.0","11457"
"Jack Leathersich","Cubs","0","0","0","0","3.82","0","6","6.0","5","3","1","8","4","1.42","11.72","5.65","4.10","0.0","12562"
"Aaron Loup","Blue Jays","1","1","0","4","3.97","0","19","19.0","18","8","2","18","7","1.35","8.60","3.50","4.10","0.1","10343"
"Ryan Buchter","Padres","1","1","0","5","3.87","0","23","23.0","19","10","3","28","12","1.33","10.93","4.52","4.11","0.1","9456"
"Jimmy Nelson","Brewers","4","4","0","0","4.23","11","11","65.0","65","31","8","61","23","1.34","8.44","3.16","4.11","1.0","10547"
"Donnie Hart","Orioles","1","1","0","3","3.84","0","17","17.0","17","7","2","13","6","1.33","7.22","3.02","4.11","0.1","15306"
"Carlos Estevez","Rockies","1","1","0","0","4.30","0","8","8.0","8","4","1","8","3","1.40","8.94","3.78","4.11","0.0","14542"
"Jon Gray","Rockies","3","3","0","0","4.36","8","8","49.0","49","24","7","49","18","1.37","9.02","3.32","4.11","0.9","14916"
"Dario Alvarez","Rangers","1","1","0","4","4.17","0","19","19.0","17","9","3","23","9","1.39","10.93","4.46","4.12","0.1","14239"
"Dylan Floro","Cubs","0","0","0","0","4.14","0","8","8.0","9","4","1","6","2","1.29","6.14","1.97","4.12","0.0","13394"
"Mike Morin","Angels","1","1","0","3","4.13","0","16","16.0","16","7","2","14","5","1.26","8.04","2.55","4.12","0.0","13442"
"Kyle Crockett","Indians","0","0","0","0","4.10","0","9","9.0","9","4","1","8","3","1.37","8.26","3.33","4.12","0.0","15033"
"Al Alburquerque","Royals","1","1","0","3","4.01","0","17","17.0","16","8","2","17","8","1.42","8.72","4.31","4.12","0.0","6324"
"Joaquin Benoit","Phillies","2","1","3","6","3.67","0","28","28.0","24","11","4","29","12","1.31","9.58","3.92","4.12","0.3","1437"
"Charlie Furbush","","3","3","0","0","4.04","0","65","65.0","61","29","8","66","26","1.32","9.09","3.54","4.13","0.1","1370"
"Robbie Ross Jr.","Red Sox","0","0","0","0","3.91","0","10","10.0","10","4","1","9","4","1.37","8.20","3.54","4.13","0.0","6819"
"Mike Leake","Cardinals","4","5","0","0","4.28","12","12","75.0","81","36","9","51","18","1.33","6.12","2.16","4.13","1.0","10130"
"Trevor Gott","Nationals","0","0","0","0","4.00","0","8","8.0","8","4","1","7","3","1.40","7.11","3.60","4.13","0.0","15046"
"Fernando Rodney","Diamondbacks","2","2","14","1","4.03","0","27","27.0","25","12","3","29","14","1.42","9.42","4.56","4.14","0.2","494"
"Vince Velasquez","Phillies","2","3","0","0","4.26","7","7","40.0","38","19","6","44","14","1.30","9.97","3.18","4.14","0.6","11189"
"Charlie Morton","Astros","3","3","0","0","4.24","9","9","49.0","48","23","6","48","19","1.35","8.75","3.39","4.14","0.7","4676"
"Adam Warren","Yankees","1","1","0","4","4.11","1","20","23.0","22","11","3","21","8","1.31","8.27","3.15","4.15","0.2","9029"
"Shawn Tolleson","Rays","0","0","0","0","4.03","0","4","4.0","4","2","1","4","1","1.31","8.58","3.21","4.15","0.0","10481"
"Michael Lorenzen","Reds","1","1","1","6","3.96","0","23","23.0","22","10","3","22","9","1.32","8.60","3.38","4.15","0.1","14843"
"Diego Moreno","Rays","0","0","0","0","4.12","0","8","8.0","8","4","1","8","3","1.33","8.31","3.29","4.16","0.0","6238"
"Sean Gilmartin","Mets","0","0","0","0","4.26","0","6","6.0","6","3","1","6","2","1.30","7.93","2.80","4.16","0.0","12781"
"Jake Barrett","Diamondbacks","0","0","0","0","4.09","0","6","6.0","6","3","1","6","3","1.38","9.12","4.02","4.16","0.0","13322"
"Erik Goeddel","Mets","0","0","0","0","4.29","0","9","9.0","8","4","1","9","4","1.37","8.87","4.00","4.17","0.0","11712"
"Reynaldo Lopez","White Sox","0","0","0","0","4.03","0","4","4.0","4","2","1","5","2","1.29","9.89","3.68","4.17","0.0","16400"
"Glen Perkins","Twins","0","0","0","0","4.14","0","4","4.0","4","2","1","4","1","1.27","8.75","2.78","4.17","0.0","8041"
"Joba Chamberlain","","3","3","0","0","4.18","0","65","65.0","62","30","8","62","29","1.40","8.59","3.96","4.17","0.0","2692"
"Tyler Webb","Brewers","1","1","0","1","4.24","0","12","12.0","11","6","2","13","5","1.32","9.89","3.50","4.18","0.0","14974"
"Danny Farquhar","Rays","1","1","0","4","4.02","0","18","18.0","17","8","2","18","8","1.35","8.78","3.78","4.18","0.1","8501"
"Trevor Bauer","Indians","4","4","0","0","4.31","12","12","72.0","69","34","10","71","28","1.35","8.95","3.54","4.19","1.0","12703"
"J.T. Chargois","Twins","0","0","0","0","4.16","0","4","4.0","4","2","0","4","2","1.41","8.76","4.13","4.19","0.0","13767"
"Matt Shoemaker","Angels","2","2","0","0","4.26","6","6","37.0","37","18","6","33","10","1.26","8.11","2.40","4.19","0.5","4776"
"Zac Rosscup","","2","3","0","0","4.47","0","65","65.0","59","32","9","75","30","1.38","10.34","4.19","4.19","0.1","9419"
"Chase Whitley","Rays","1","1","1","6","4.20","0","22","22.0","22","10","3","19","7","1.31","7.53","2.80","4.19","0.1","10982"
"Jumbo Diaz","Rays","1","1","0","2","3.95","0","14","14.0","13","6","2","14","6","1.32","8.65","3.66","4.19","0.0","3397"
"Aaron Sanchez","Blue Jays","5","4","0","0","4.10","13","13","77.0","75","35","9","64","30","1.37","7.57","3.53","4.20","1.2","11490"
"Fernando Abad","Red Sox","1","1","0","4","4.12","0","18","18.0","18","8","2","17","7","1.36","8.11","3.46","4.21","0.0","4994"
"Jhan Marinez","Pirates","1","1","0","4","4.06","0","17","17.0","17","7","2","14","7","1.42","7.39","3.75","4.21","0.0","5830"
"Albert Suarez","Giants","0","0","0","0","4.13","1","5","8.0","8","4","1","6","2","1.32","7.15","2.79","4.22","0.0","6175"
"Tyler Glasnow","Pirates","1","1","0","0","4.21","4","4","23.0","21","11","3","26","13","1.43","10.01","4.84","4.22","0.3","14374"
"Drew Storen","Reds","1","1","3","4","4.12","0","27","27.0","27","13","3","25","9","1.31","8.22","2.99","4.22","0.2","6983"
"Felix Pena","Cubs","0","0","0","0","4.12","0","4","4.0","4","2","1","5","2","1.32","9.80","3.86","4.22","0.0","13403"
"Joe Blanton","Nationals","1","1","0","1","4.17","0","13","13.0","12","6","2","12","4","1.27","8.56","2.68","4.22","0.0","4849"
"Brad Peacock","Astros","2","2","0","0","4.28","5","9","35.0","32","17","5","38","17","1.38","9.67","4.27","4.22","0.4","5401"
"Edgar Santana","Pirates","0","0","0","0","4.23","0","10","10.0","10","5","1","9","4","1.36","8.05","3.15","4.23","0.0","17355"
"Brett Anderson","Cubs","0","0","0","0","4.32","1","1","4.0","4","2","0","3","1","1.42","6.04","3.05","4.23","0.1","8223"
"Jake Petricka","White Sox","1","1","0","1","4.04","0","13","13.0","13","6","1","11","6","1.44","7.83","3.91","4.23","0.0","10534"
"Kevin Siegrist","Cardinals","1","1","0","2","3.96","0","15","15.0","13","6","2","16","7","1.36","9.66","4.36","4.23","0.0","8180"
"Matt Moore","Giants","4","5","0","0","4.18","13","13","72.0","69","33","9","64","28","1.36","7.97","3.49","4.23","0.7","1890"
"Bruce Rondon","Tigers","1","1","0","18","4.27","0","23","14.0","12","7","2","16","7","1.42","10.11","4.86","4.24","0.0","5766"
"Sam Freeman","Braves","1","1","0","3","4.04","0","17","17.0","16","8","2","17","9","1.48","9.03","4.93","4.24","0.0","6832"
"Cole Hamels","Rangers","4","4","0","0","4.16","12","12","72.0","74","33","9","62","25","1.36","7.77","3.07","4.24","1.0","4972"
"Michael Brady","Athletics","0","0","0","0","4.42","0","8","8.0","9","4","1","7","2","1.26","7.40","1.90","4.25","0.0","8461"
"Patrick Corbin","Diamondbacks","3","4","0","0","4.35","10","10","58.0","61","28","8","50","19","1.37","7.73","2.92","4.25","0.8","9323"
"Vance Worley","Marlins","2","2","0","1","4.27","6","18","45.0","48","21","5","31","14","1.37","6.32","2.76","4.25","0.4","6435"
"Dustin McGowan","Marlins","1","1","0","5","4.00","0","19","19.0","18","9","2","17","9","1.39","8.03","4.15","4.25","0.0","8600"
"Steven Brault","Pirates","1","1","0","0","4.14","3","3","15.0","14","7","2","13","6","1.39","8.10","3.76","4.25","0.2","15291"
"Mike Montgomery","Cubs","2","2","0","2","4.02","5","19","42.0","40","19","4","36","18","1.38","7.67","3.89","4.26","0.3","4869"
"Mason Melotakis","","0","0","0","0","4.13","0","4","4.0","4","2","1","4","2","1.41","8.59","4.04","4.26","0.0","sa621016"
"Carlos Rodon","White Sox","4","5","0","0","4.33","13","13","74.0","72","36","10","75","32","1.41","9.10","3.86","4.26","1.0","16137"
"Craig Stammen","Padres","0","1","0","0","4.36","0","10","10.0","11","5","1","9","3","1.36","8.04","2.95","4.26","0.0","7274"
"Jhoulys Chacin","Padres","3","5","0","0","4.45","12","12","67.0","69","33","8","58","26","1.41","7.77","3.50","4.27","0.9","2608"
"Wandy Peralta","Reds","1","1","0","4","4.12","0","19","19.0","18","9","2","17","8","1.39","8.15","3.88","4.28","0.1","14295"
"Blaine Boyer","Red Sox","1","1","0","2","4.36","0","14","14.0","16","7","2","9","4","1.40","5.83","2.77","4.28","0.0","2237"
"Chris Rusin","Rockies","1","2","0","4","4.46","2","18","27.0","30","14","3","21","8","1.41","6.84","2.72","4.28","0.2","9895"
"Nick Kingham","","1","1","0","0","4.32","1","5","12.0","12","6","2","10","4","1.33","7.72","2.87","4.28","0.1","sa548285"
"Ty Blach","Giants","2","2","0","0","4.34","5","11","37.0","41","18","4","21","10","1.37","5.24","2.37","4.28","0.3","14361"
"Jose Torres","Padres","1","1","0","3","4.24","0","17","17.0","16","8","2","17","7","1.38","8.86","3.76","4.28","0.0","14957"
"Taylor Williams","","0","0","0","0","4.36","1","5","8.0","7","4","1","8","3","1.37","9.21","3.72","4.28","0.1","sa737785"
"Eduardo Rodriguez","Red Sox","3","3","0","0","4.32","9","9","52.0","51","25","8","48","18","1.33","8.42","3.08","4.28","0.6","13164"
"John Brebbia","Cardinals","1","1","0","4","4.26","0","17","17.0","16","8","2","15","5","1.29","8.21","2.93","4.29","0.0","12777"
"Hansel Robles","Mets","1","1","0","2","4.21","0","13","13.0","11","6","2","14","6","1.32","9.94","3.94","4.29","0.0","11801"
"Frankie Montas","Athletics","1","1","0","2","4.24","0","14","14.0","13","7","2","16","6","1.35","10.02","3.89","4.29","0.0","14309"
"Chris Capuano","","3","3","0","0","4.18","0","65","65.0","63","30","9","60","24","1.35","8.37","3.35","4.29","0.0","1701"
"Kevin Quackenbush","Padres","1","1","0","2","4.36","0","15","15.0","14","7","2","13","6","1.39","8.19","3.66","4.29","0.0","12360"
"Jose Berrios","Twins","5","5","0","0","4.47","13","13","73.0","74","36","10","68","24","1.35","8.31","3.00","4.29","1.0","14168"
"Tony Sipp","Astros","1","1","0","6","4.12","0","23","23.0","21","10","4","24","9","1.31","9.62","3.43","4.29","0.1","8280"
"Jeff Beliveau","Blue Jays","1","1","0","4","4.33","0","17","17.0","15","8","2","19","9","1.42","10.28","4.63","4.29","0.0","8504"
"Scott Oberg","Rockies","1","1","0","4","4.23","0","18","18.0","18","8","2","17","8","1.44","8.31","3.94","4.29","0.1","13911"
"Dominic Leone","Blue Jays","1","1","0","1","4.40","0","13","13.0","12","6","2","13","5","1.41","9.14","3.86","4.30","0.0","13763"
"Jeremy Jeffress","Rangers","1","1","0","1","4.14","0","13","13.0","14","6","1","9","5","1.48","6.75","3.53","4.30","0.0","9490"
"Marcos Molina","","0","0","0","0","4.47","0","4","4.0","4","2","1","4","2","1.40","9.07","3.78","4.30","0.0","sa503994"
"Eric Gagne","","0","0","0","0","4.47","0","65","65.0","63","32","9","66","27","1.40","9.07","3.78","4.30","0.0","650"
"Jenzo Acevedo","","0","0","0","0","4.47","0","4","4.0","4","2","1","4","2","1.40","9.07","3.78","4.30","0.0","sa3001224"
"Chad Kuhl","Pirates","4","4","0","0","4.39","11","11","66.0","69","32","8","52","22","1.38","7.13","2.99","4.30","0.7","14975"
"Taijuan Walker","Diamondbacks","4","4","0","0","4.35","12","12","66.0","65","32","9","59","21","1.30","8.06","2.83","4.30","0.8","11836"
"Dan Jennings","White Sox","1","1","0","5","4.04","0","24","24.0","24","11","3","20","11","1.49","7.50","4.16","4.31","0.1","8073"
"Tanner Roark","Nationals","5","4","0","0","4.22","12","12","74.0","75","34","9","57","24","1.34","7.01","2.94","4.31","0.8","8753"
"T.J. McFarland","Diamondbacks","1","1","0","2","4.51","0","15","15.0","17","7","2","9","5","1.45","5.80","2.92","4.31","0.0","3237"
"Joe Musgrove","Astros","3","4","0","0","4.50","9","9","53.0","55","27","9","46","12","1.27","7.83","2.09","4.31","0.7","12970"
"Alex Cobb","Rays","4","4","0","0","4.27","12","12","72.0","76","34","9","53","22","1.36","6.63","2.78","4.31","0.8","6562"
"Daniel Norris","Tigers","3","4","0","0","4.35","10","10","56.0","56","27","7","51","23","1.41","8.22","3.66","4.32","0.7","13475"
"Matt Belisle","Twins","1","1","0","5","4.40","0","23","23.0","25","11","3","17","8","1.44","6.64","3.19","4.32","0.1","1837"
"J.A. Happ","Blue Jays","5","4","0","0","4.37","13","13","74.0","74","36","11","65","22","1.31","8.00","2.72","4.32","1.0","7410"
"Jharel Cotton","Athletics","3","4","0","0","4.45","11","11","62.0","61","31","9","58","23","1.35","8.49","3.32","4.32","0.9","13654"
"Jordan Jankowski","Astros","0","0","0","0","4.38","0","6","6.0","5","3","1","7","3","1.38","10.68","4.48","4.32","0.0","13313"
"Tyler Thornburg","Red Sox","0","0","0","0","4.39","0","8","8.0","8","4","1","8","3","1.35","9.13","3.72","4.32","0.0","10688"
"Bryan Morris","Giants","0","0","0","0","4.05","0","8","8.0","8","4","1","6","4","1.47","6.83","4.09","4.33","0.0","10234"
"Keyvius Sampson","","3","3","0","0","4.16","0","65","65.0","57","30","8","70","34","1.40","9.65","4.66","4.33","0.0","10039"
"Tyler Anderson","Rockies","1","1","0","0","4.36","3","13","25.0","26","12","4","23","8","1.37","8.25","2.99","4.34","0.3","12880"
"Adam Ottavino","Rockies","1","1","3","6","4.38","0","26","26.0","24","13","4","30","12","1.41","10.29","4.28","4.34","0.2","1247"
"Chase Johnson","","0","0","0","0","4.27","1","1","4.0","4","2","0","3","2","1.45","6.78","3.80","4.34","0.0","sa549740"
"Edinson Volquez","Marlins","4","5","0","0","4.39","12","12","71.0","71","35","8","58","32","1.44","7.29","4.01","4.35","0.7","3990"
"Lance Lynn","Cardinals","4","5","0","0","4.30","12","12","71.0","71","34","10","64","27","1.38","8.19","3.38","4.36","0.8","2520"
"Rowan Wick","","0","0","0","0","4.22","0","4","4.0","4","2","1","4","2","1.41","8.96","4.45","4.36","0.0","sa549441"
"Dinelson Lamet","Padres","3","5","0","0","4.35","10","10","59.0","54","29","8","64","29","1.41","9.76","4.39","4.36","0.6","17186"
"Chris Bassitt","Athletics","1","1","0","0","4.32","1","11","14.0","14","7","2","12","5","1.36","7.76","3.35","4.36","0.0","12304"
"Kyle Zimmer","","0","0","0","0","4.26","0","4","4.0","4","2","1","4","2","1.37","8.67","3.90","4.36","0.0","sa621583"
"Hunter Cervenka","Marlins","0","0","0","0","4.12","0","4","4.0","4","2","0","4","3","1.51","9.27","5.50","4.36","0.0","10510"
"Kevin Gausman","Orioles","4","4","0","0","4.47","12","12","69.0","70","34","10","62","24","1.37","8.13","3.09","4.37","1.0","14107"
"Clayton Richard","Padres","3","4","0","0","4.30","11","11","64.0","72","31","7","42","20","1.44","5.88","2.81","4.37","0.7","3551"
"Jason Hursh","Braves","0","1","0","0","4.38","0","11","11.0","11","5","1","8","5","1.48","6.69","3.90","4.37","0.0","14914"
"Rafael Montero","Mets","0","1","0","0","4.50","1","5","8.0","8","4","1","8","4","1.43","8.64","4.27","4.37","0.0","12760"
"Dan Altavilla","Mariners","1","1","0","2","4.31","0","14","14.0","13","7","2","15","6","1.34","9.39","3.65","4.37","0.0","16507"
"Zack Wheeler","Mets","4","4","0","0","4.37","11","11","65.0","65","32","8","59","28","1.42","8.21","3.82","4.38","0.7","10310"
"Ryan Garton","Rays","0","0","0","0","4.33","0","4","4.0","4","2","1","4","2","1.41","8.33","3.97","4.38","0.0","14016"
"Trevor Williams","Pirates","3","4","0","0","4.48","9","14","59.0","64","29","7","41","18","1.41","6.26","2.81","4.38","0.6","16977"
"Jason Vargas","Royals","4","5","0","0","4.42","12","12","72.0","77","36","11","56","20","1.33","6.94","2.43","4.38","0.9","8044"
"Steve Hathaway","Diamondbacks","0","0","0","0","4.26","0","4","4.0","4","2","1","4","2","1.45","8.79","4.53","4.38","0.0","15293"
"Jorge de la Rosa","Diamondbacks","1","1","1","7","4.31","0","23","23.0","23","11","3","21","9","1.41","8.03","3.62","4.39","0.1","2047"
"Dovydas Neverauskas","Pirates","0","0","0","0","4.29","0","4","4.0","4","2","0","4","2","1.46","8.06","4.17","4.39","0.0","11604"
"Bobby Wahl","Athletics","0","0","0","0","4.43","0","4","4.0","4","2","0","4","2","1.49","9.19","5.02","4.39","0.0","14832"
"Jacob Faria","Rays","3","4","0","0","4.36","11","15","64.0","59","31","8","63","29","1.38","8.85","4.09","4.39","0.8","13699"
"Brent Honeywell","","1","1","0","0","4.30","3","3","19.0","18","9","3","18","6","1.28","8.59","3.03","4.39","0.2","sa828706"
"Casey Fien","Phillies","0","1","0","0","4.63","0","11","11.0","11","5","2","10","3","1.30","8.31","2.38","4.39","0.0","3926"
"Chris Stratton","Giants","1","1","0","0","4.44","2","12","22.0","22","11","2","17","9","1.43","7.06","3.68","4.39","0.1","13761"
"Jerad Eickhoff","Phillies","4","5","0","0","4.37","12","12","68.0","68","33","11","61","21","1.30","8.07","2.71","4.40","0.9","12664"
"Daniel Stumpf","Tigers","1","1","0","5","4.67","0","19","19.0","20","10","2","17","8","1.42","7.93","3.66","4.40","0.0","13780"
"Matt Harvey","Mets","2","2","0","0","4.49","6","6","32.0","32","16","4","27","11","1.33","7.38","3.12","4.41","0.4","11713"
"Blaine Hardy","Tigers","1","1","0","1","4.32","0","13","13.0","13","6","2","11","5","1.42","7.40","3.56","4.41","0.0","6499"
"Huston Street","Angels","0","0","0","0","4.28","0","8","8.0","8","4","1","7","3","1.36","7.65","3.27","4.41","0.0","8258"
"Robert Gsellman","Mets","2","2","0","0","4.44","6","6","35.0","36","17","4","26","11","1.37","6.81","2.96","4.41","0.4","13696"
"Neil Ramirez","Mets","0","1","0","2","4.42","0","15","15.0","13","7","2","18","8","1.42","10.72","4.83","4.41","0.0","7677"
"David Carpenter","","3","3","0","0","4.38","0","65","65.0","63","32","9","62","25","1.35","8.65","3.50","4.41","0.0","3959"
"Zac Curtis","Mariners","0","0","0","0","4.16","0","4","4.0","4","2","1","4","2","1.36","9.56","3.92","4.41","0.0","16684"
"Max Povse","Mariners","0","0","0","0","4.48","0","8","8.0","9","4","1","6","2","1.34","7.02","2.57","4.41","0.0","16165"
"Juan Minaya","White Sox","1","1","0","3","4.54","0","17","17.0","17","9","2","17","8","1.44","8.89","4.31","4.42","0.1","10341"
"Hoby Milner","Phillies","1","1","0","2","4.36","0","15","15.0","15","7","2","14","5","1.35","8.21","2.87","4.42","0.0","13346"
"Anthony Bass","Rangers","0","0","0","0","4.45","0","8","8.0","8","4","1","7","3","1.39","8.01","3.38","4.42","0.0","7982"
"Brooks Pounders","Angels","0","0","0","0","4.36","0","4","4.0","4","2","1","4","2","1.34","8.65","3.48","4.42","0.0","10387"
"Kendall Graveman","Athletics","3","4","0","0","4.51","10","10","58.0","64","29","7","38","17","1.39","5.90","2.63","4.42","0.6","15514"
"Jose Ramirez","Braves","1","1","0","5","4.30","0","23","23.0","22","11","3","24","12","1.46","9.37","4.78","4.42","0.0","10171"
"Dan Straily","Marlins","4","5","0","0","4.36","12","12","73.0","70","35","11","66","26","1.31","8.21","3.19","4.43","0.9","9460"
"Zach Davies","Brewers","3","5","0","0","4.55","12","12","67.0","71","34","9","53","21","1.38","7.06","2.82","4.43","0.9","13183"
"Tyler Beede","","0","0","0","0","4.30","1","1","8.0","8","4","1","6","3","1.44","6.82","3.88","4.43","0.1","sa597784"
"John Lackey","Cubs","4","4","0","0","4.38","11","11","67.0","66","33","11","58","19","1.28","7.81","2.60","4.43","0.8","1507"
"Jason Frasor","","3","3","0","0","4.43","0","65","65.0","63","32","8","60","30","1.43","8.29","4.11","4.44","0.2","1906"
"Jared Hughes","Brewers","1","1","0","4","4.10","0","18","18.0","19","8","2","13","7","1.45","6.62","3.53","4.44","0.0","9325"
"John Axford","Athletics","1","1","0","3","4.45","0","17","17.0","16","8","2","15","9","1.50","8.28","4.65","4.44","0.0","9059"
"Robbie Erlin","Padres","0","0","0","0","4.40","1","1","4.0","4","2","1","3","1","1.36","7.12","2.89","4.44","0.0","10354"
"Jesse Hahn","Athletics","3","3","0","0","4.58","8","8","47.0","49","24","5","34","19","1.46","6.49","3.65","4.45","0.5","13287"
"Luis Perdomo","Padres","2","4","0","0","4.73","8","8","47.0","52","25","6","35","17","1.47","6.76","3.22","4.46","0.4","14682"
"Eduardo Paredes","Angels","0","0","0","0","4.39","0","10","10.0","10","5","1","9","4","1.36","8.08","3.39","4.46","0.0","16344"
"Jose Leclerc","Rangers","1","1","2","6","4.30","0","27","27.0","23","13","3","33","19","1.53","10.98","6.15","4.46","0.2","14524"
"Austin Adams","Nationals","0","0","0","0","4.18","0","4","4.0","4","2","0","5","3","1.57","10.55","6.59","4.46","0.0","13801"
"Richard Bleier","Orioles","1","1","0","1","4.43","0","13","13.0","15","6","2","6","3","1.37","4.43","1.83","4.46","0.0","7803"
"Josh Tomlin","Indians","3","3","0","0","4.55","7","7","40.0","44","20","7","30","6","1.25","6.66","1.30","4.46","0.4","9388"
"Perci Garner","Indians","0","0","0","0","4.22","0","4","4.0","4","2","0","4","2","1.53","8.04","5.10","4.47","0.0","10887"
"Ryan O'Rourke","Twins","0","0","0","0","4.35","0","4","4.0","4","2","1","4","2","1.40","8.74","4.06","4.47","0.0","10976"
"Tayron Guerrero","Marlins","0","0","0","0","4.32","0","4","4.0","4","2","0","4","3","1.50","8.98","5.32","4.47","0.0","11691"
"John Gant","Cardinals","1","1","0","0","4.60","3","9","22.0","22","11","3","20","9","1.40","8.19","3.62","4.47","0.1","13684"
"Dayan Diaz","Astros","0","0","0","0","4.45","0","8","8.0","8","4","1","8","4","1.41","8.74","3.94","4.47","0.0","11543"
"Mike Foltynewicz","Braves","3","4","0","0","4.51","11","11","63.0","63","31","9","58","23","1.37","8.35","3.27","4.47","0.5","10811"
"Josh Edgin","Mets","1","1","0","5","4.26","0","19","19.0","19","9","2","18","10","1.45","8.28","4.45","4.47","0.0","10796"
"Julio Teheran","Braves","4","5","0","0","4.44","12","12","75.0","75","37","11","64","24","1.32","7.63","2.86","4.47","0.7","6797"
"Matt Strahm","Royals","1","2","0","0","4.37","3","8","24.0","24","12","4","24","10","1.38","8.89","3.65","4.48","0.2","13799"
"Jonathan Papelbon","","3","3","0","0","4.51","0","65","65.0","66","33","10","57","22","1.34","7.83","3.02","4.48","0.1","5975"
"Emilio Pagan","Mariners","1","1","0","1","4.46","0","12","12.0","12","6","2","12","5","1.37","9.07","3.86","4.48","0.0","14771"
"Mike Clevinger","Indians","4","4","0","0","4.54","10","15","64.0","62","32","9","64","29","1.41","9.02","4.06","4.48","0.7","12808"
"Brent Suter","Brewers","2","2","0","0","4.51","5","11","36.0","39","18","5","28","11","1.37","6.92","2.71","4.48","0.4","13942"
"Evan Marshall","Mariners","0","0","0","0","4.36","0","4","4.0","4","2","0","3","2","1.46","7.15","3.75","4.48","0.0","12297"
"Collin McHugh","Astros","2","2","0","0","4.51","7","7","39.0","40","19","6","33","12","1.32","7.71","2.71","4.48","0.4","7531"
"Buddy Baumann","Padres","0","0","0","0","4.27","0","8","8.0","8","4","1","8","3","1.34","8.89","3.69","4.48","0.0","9309"
"Jesse Chavez","Angels","4","4","0","0","4.56","11","11","66.0","68","33","10","56","20","1.34","7.66","2.80","4.49","0.6","5448"
"Chase Anderson","Brewers","2","3","0","0","4.57","7","7","41.0","42","21","6","37","13","1.36","8.07","2.97","4.49","0.5","6895"
"Brandon Woodruff","","1","1","0","0","4.57","3","7","19.0","19","10","3","18","7","1.37","8.25","3.26","4.49","0.2","sa597893"
"Anthony DeSclafani","Reds","1","2","0","0","4.55","4","4","24.0","25","12","4","21","7","1.32","7.92","2.67","4.49","0.3","13050"
"Jake Odorizzi","Rays","3","4","0","0","4.48","12","12","67.0","66","33","11","61","22","1.31","8.14","2.92","4.50","0.7","6397"
"Alex Wilson","Tigers","1","1","2","6","4.25","0","28","28.0","29","13","4","19","9","1.38","6.19","2.83","4.50","0.1","9239"
"Anthony Banda","","1","1","0","0","4.38","3","3","16.0","15","8","2","14","7","1.40","8.32","3.91","4.50","0.2","sa599510"
"Kyle Ryan","Tigers","1","1","0","0","4.30","0","11","11.0","11","5","1","7","4","1.46","6.00","3.59","4.50","0.0","11753"
"Martin Perez","Rangers","4","4","0","0","4.60","12","12","71.0","79","37","8","46","26","1.47","5.84","3.25","4.50","0.8","6902"
"Chris Smith","Athletics","0","0","0","0","4.58","1","5","8.0","8","4","1","7","3","1.39","7.53","3.33","4.50","0.0","4544"
"Carlos Torres","Brewers","1","1","1","6","4.41","0","22","22.0","22","11","3","20","9","1.39","8.17","3.47","4.50","0.0","7624"
"Eric O'Flaherty","Braves","0","1","0","0","5.16","0","9","9.0","9","5","1","7","3","1.48","7.36","3.61","4.50","0.0","5746"
"Jose Valdez","Padres","0","0","0","0","4.35","0","4","4.0","4","2","1","4","2","1.44","9.21","4.73","4.50","0.0","14470"
"German Marquez","Rockies","3","3","0","0","4.75","9","9","52.0","57","27","8","44","16","1.40","7.64","2.79","4.51","0.8","15038"
"Drew Hutchison","Pirates","0","0","0","0","4.57","1","1","8.0","8","4","1","6","3","1.38","7.74","3.38","4.51","0.1","10732"
"Francisco Liriano","Blue Jays","4","4","0","0","4.49","11","11","63.0","61","31","9","65","30","1.44","9.23","4.35","4.51","0.7","3201"
"Noe Ramirez","Red Sox","0","0","0","0","4.38","0","4","4.0","4","2","1","4","2","1.41","8.57","3.74","4.51","0.0","12800"
"CC Sabathia","Yankees","4","4","0","0","4.58","11","11","63.0","66","32","9","53","22","1.40","7.55","3.18","4.51","0.7","404"
"Jairo Diaz","Rockies","0","0","0","0","4.54","0","4","4.0","4","2","1","4","2","1.50","8.50","4.35","4.51","0.0","12774"
"Keith Hessler","Padres","0","0","0","0","4.34","0","4","4.0","4","2","1","4","2","1.46","8.06","4.27","4.52","0.0","12220"
"Damien Magnifico","Angels","0","0","0","0","4.27","0","4","4.0","4","2","0","3","2","1.49","7.52","4.66","4.52","0.0","13395"
"Erasmo Ramirez","Rays","2","3","0","0","4.29","5","15","37.0","39","18","5","27","11","1.33","6.54","2.59","4.52","0.2","10314"
"Sean Newcomb","Braves","3","4","0","0","4.35","10","10","55.0","50","27","6","58","33","1.52","9.48","5.47","4.52","0.5","16943"
"Marco Estrada","Blue Jays","4","4","0","0","4.33","13","13","78.0","70","37","12","70","27","1.25","8.10","3.11","4.52","1.0","1118"
"Ricky Nolasco","Angels","4","5","0","0","4.73","12","12","69.0","73","36","11","55","18","1.32","7.19","2.35","4.52","0.6","3830"
"Chih-Wei Hu","Rays","0","0","0","0","4.53","0","4","4.0","4","2","1","3","1","1.36","7.21","2.99","4.52","0.0","16419"
"Henderson Alvarez","","5","6","0","0","4.57","16","16","94.0","105","47","12","60","26","1.40","5.76","2.52","4.53","1.0","5669"
"Yovani Gallardo","Mariners","1","1","0","0","4.58","2","12","21.0","23","11","3","17","8","1.45","6.97","3.57","4.53","0.1","8173"
"Brian Flynn","Royals","0","0","0","0","4.40","1","5","8.0","8","4","1","7","3","1.43","7.19","3.74","4.54","0.0","12027"
"Hisashi Iwakuma","Mariners","1","1","0","0","4.68","3","3","15.0","17","8","2","11","4","1.33","6.60","2.12","4.54","0.2","13048"
"Luis Castillo","Reds","2","3","0","0","4.51","7","7","43.0","43","22","7","38","15","1.34","8.04","3.15","4.55","0.5","15689"
"Conor Mullee","","3","3","0","0","4.52","0","65","65.0","65","33","9","58","27","1.41","8.09","3.77","4.55","0.0","11580"
"Ben Heller","Yankees","0","0","0","0","4.44","0","4","4.0","4","2","1","5","2","1.42","9.99","4.51","4.55","0.0","15100"
"JC Ramirez","Angels","3","4","0","0","4.56","10","10","57.0","59","29","8","45","19","1.39","7.06","3.07","4.56","0.5","8302"
"J.J. Hoover","Diamondbacks","1","1","0","1","4.58","0","13","13.0","12","6","2","13","6","1.41","9.58","4.37","4.56","0.0","9037"
"Johnny Barbato","Pirates","1","1","0","1","4.64","0","12","12.0","12","6","2","12","6","1.49","8.40","4.42","4.56","0.0","11440"
"Phil Hughes","Twins","1","1","0","0","4.87","1","12","18.0","21","10","3","13","3","1.32","6.43","1.53","4.56","0.1","7450"
"Mike Fiers","Astros","4","4","0","0","4.65","11","11","65.0","66","34","11","58","20","1.33","8.06","2.81","4.57","0.6","7754"
"Yohander Mendez","Rangers","0","0","0","0","4.40","0","4","4.0","4","2","1","4","2","1.38","8.19","3.64","4.57","0.0","14391"
"Josh Smith","Athletics","0","0","0","0","4.70","0","4","4.0","4","2","1","3","2","1.43","7.10","3.42","4.57","0.0","10946"
"Michael Blazek","Brewers","0","0","0","0","4.54","0","4","4.0","4","2","1","4","2","1.45","8.02","4.01","4.57","0.0","9654"
"Mauricio Cabrera","Braves","0","0","0","0","4.32","0","4","4.0","4","2","0","4","3","1.59","9.31","6.25","4.57","0.0","12975"
"Sean Marshall","","3","3","0","0","4.39","0","65","65.0","67","32","8","51","30","1.49","7.11","4.13","4.57","0.0","5905"
"Paolo Espino","Brewers","1","1","0","0","4.65","1","11","18.0","19","9","3","15","4","1.30","7.82","2.22","4.58","0.1","8246"
"Eric Skoglund","Royals","1","1","0","0","4.53","1","6","12.0","13","6","2","9","4","1.37","6.65","2.73","4.58","0.1","16155"
"Matt Koch","Diamondbacks","0","0","0","0","4.58","0","4","4.0","5","2","1","3","1","1.32","6.37","2.13","4.58","0.0","13420"
"Francis Martes","Astros","1","1","0","0","4.68","2","6","16.0","16","8","2","15","8","1.47","8.51","4.34","4.58","0.1","17303"
"Casey Lawrence","Mariners","0","0","0","0","4.79","0","4","4.0","5","2","1","3","1","1.41","5.88","2.30","4.59","0.0","11121"
"Jason Hammel","Royals","4","4","0","0","4.54","11","11","62.0","65","31","10","50","19","1.35","7.26","2.76","4.59","0.6","4538"
"Mike Bolsinger","Blue Jays","0","1","0","0","4.81","1","1","8.0","8","4","1","7","3","1.45","8.56","3.78","4.59","0.1","11137"
"Tommy Milone","Mets","1","1","0","0","4.69","2","2","12.0","13","6","2","10","3","1.34","7.18","2.48","4.60","0.1","7608"
"Kevin McCarthy","Royals","1","1","0","2","4.67","0","15","15.0","16","8","2","10","6","1.48","5.77","3.40","4.60","0.0","15240"
"Wade Miley","Orioles","4","5","0","0","4.80","12","12","70.0","75","38","10","58","28","1.47","7.45","3.62","4.60","0.7","8779"
"Marco Gonzales","Cardinals","1","1","0","0","4.63","1","6","12.0","13","6","2","10","4","1.38","7.31","2.98","4.60","0.1","15467"
"Justin Marks","Dodgers","0","0","0","0","4.50","0","4","4.0","4","2","1","4","2","1.43","7.91","4.01","4.60","0.0","10265"
"Jordan Montgomery","Yankees","4","5","0","0","4.67","12","12","72.0","73","37","11","63","26","1.39","7.94","3.31","4.61","0.8","16511"
"Jackson Stephens","Reds","1","1","0","0","4.64","2","6","16.0","16","8","2","13","5","1.37","7.35","3.04","4.61","0.2","14420"
"Arcenio Leon","Tigers","0","0","0","0","4.63","0","4","4.0","4","2","0","3","2","1.52","7.00","4.27","4.61","0.0","8846"
"Daniel Mengden","Athletics","0","0","0","0","4.89","1","1","4.0","4","2","1","3","1","1.44","7.37","3.46","4.61","0.0","16980"
"Robby Scott","Red Sox","1","1","0","4","4.55","0","16","16.0","17","8","2","14","6","1.39","7.59","3.11","4.61","0.0","13042"
"Matt Wisler","Braves","3","5","0","1","4.75","9","22","65.0","69","34","10","50","20","1.37","6.92","2.76","4.61","0.3","12804"
"Stefan Crichton","Orioles","1","1","0","2","4.71","0","15","15.0","16","8","2","11","5","1.42","6.57","3.01","4.61","0.0","16058"
"Josh Lindblom","Pirates","0","0","0","0","4.65","0","8","8.0","9","4","1","7","3","1.38","7.14","2.93","4.61","0.0","7882"
"Ervin Santana","Twins","4","5","0","0","4.78","13","13","80.0","86","42","12","64","28","1.42","7.22","3.11","4.61","0.9","3200"
"Adam Conley","Marlins","1","2","0","0","4.51","5","5","28.0","28","14","3","22","12","1.45","7.20","4.01","4.61","0.3","14457"
"Zach Lee","Padres","0","0","0","0","4.94","1","1","4.0","4","2","1","3","1","1.43","6.20","2.91","4.62","0.0","11468"
"Bartolo Colon","Twins","2","2","0","0","4.90","5","5","31.0","36","17","5","19","6","1.39","5.50","1.85","4.63","0.3","375"
"Tyler Clippard","White Sox","2","2","2","6","4.38","0","28","28.0","25","14","5","31","13","1.36","10.01","4.18","4.63","0.1","5640"
"Mike Dunn","Rockies","1","2","0","6","4.67","0","22","22.0","22","11","4","24","10","1.44","9.84","4.08","4.63","0.1","9948"
"Mark Leiter","Phillies","1","1","0","4","4.78","0","19","19.0","19","10","3","17","7","1.37","8.01","3.22","4.63","0.0","15551"
"Zach Neal","Athletics","0","0","0","0","4.79","0","6","6.0","7","3","1","3","1","1.32","4.91","1.40","4.63","0.0","11294"
"Sandy Alcantara","","0","0","0","0","4.47","0","4","4.0","4","2","1","4","2","1.46","7.81","4.30","4.63","0.0","sa828383"
"Jeff Hoffman","Rockies","3","4","0","0","4.71","10","14","61.0","65","32","9","53","23","1.45","7.93","3.40","4.64","0.7","17432"
"Joseph Colon","Indians","0","0","0","0","4.50","0","6","6.0","6","3","1","6","3","1.43","8.32","4.27","4.65","0.0","4920"
"Brandon Workman","Red Sox","0","0","0","0","4.94","0","4","4.0","4","2","1","3","2","1.49","7.63","3.78","4.65","0.0","11428"
"Homer Bailey","Reds","2","4","0","0","4.80","8","8","47.0","49","25","7","39","16","1.39","7.52","3.02","4.65","0.4","8362"
"Seth Lugo","Mets","3","4","0","0","4.69","10","15","65.0","68","34","10","50","21","1.37","6.89","2.86","4.65","0.5","12447"
"Justin Nicolino","Marlins","2","3","0","0","4.70","8","8","43.0","49","23","6","23","12","1.40","4.88","2.44","4.65","0.3","11754"
"Neftali Feliz","Royals","1","1","1","0","4.56","0","11","11.0","10","5","2","10","4","1.37","8.29","3.79","4.65","0.0","18"
"Scott Kazmir","Dodgers","1","1","0","0","4.56","3","3","15.0","16","8","2","12","5","1.38","7.22","3.14","4.65","0.1","4897"
"Jason Grilli","Rangers","1","1","0","2","4.64","0","15","15.0","14","8","3","17","6","1.38","10.40","3.97","4.66","0.0","521"
"Tyson Ross","Rangers","3","3","0","0","4.79","9","9","50.0","53","26","6","41","23","1.52","7.42","4.12","4.66","0.5","7872"
"Rayan Gonzalez","","0","0","0","0","4.76","0","4","4.0","4","2","0","4","2","1.56","7.91","4.67","4.66","0.0","sa455370"
"Scott Feldman","Reds","3","5","0","0","4.72","12","12","71.0","76","37","11","53","22","1.39","6.71","2.82","4.66","0.7","6283"
"Tom Wilhelmsen","Diamondbacks","0","0","0","0","4.81","0","8","8.0","9","4","1","7","4","1.48","7.22","4.07","4.67","0.0","9975"
"Matt Purke","White Sox","0","0","0","0","4.41","0","4","4.0","4","2","1","4","2","1.51","8.83","5.14","4.67","0.0","12831"
"Mike Mayers","Cardinals","0","1","0","0","4.75","1","5","8.0","8","4","1","6","3","1.42","7.06","3.30","4.67","0.0","15451"
"Tony Cingrani","Reds","1","1","0","3","4.51","0","17","17.0","16","8","2","17","8","1.44","9.25","4.55","4.68","0.0","12555"
"Anibal Sanchez","Tigers","4","5","0","0","4.93","12","12","73.0","76","40","12","62","23","1.36","7.64","2.85","4.68","0.7","3284"
"Cody Reed","Reds","0","1","0","0","4.54","1","1","8.0","8","4","1","8","4","1.43","8.72","4.08","4.68","0.1","15232"
"Alfredo Simon","","3","3","0","0","4.67","0","65","65.0","70","34","9","49","22","1.40","6.78","3.01","4.68","-0.1","2155"
"Tyler Chatwood","Rockies","4","5","0","0","4.66","11","11","64.0","68","33","8","53","32","1.54","7.46","4.41","4.68","0.7","4338"
"Ian Kennedy","Royals","4","5","0","0","4.59","12","12","71.0","71","36","12","67","26","1.36","8.42","3.25","4.68","0.6","6986"
"Kyle Gibson","Twins","3","4","0","0","4.90","10","10","53.0","60","29","7","38","21","1.50","6.36","3.47","4.68","0.4","10123"
"Jean Machi","Mariners","0","0","0","0","4.74","0","4","4.0","4","2","1","3","1","1.41","7.07","3.13","4.69","0.0","3220"
"Francisco Rodriguez","Tigers","1","1","1","0","4.42","0","9","9.0","9","4","1","8","3","1.36","8.16","3.23","4.70","0.0","1642"
"Wily Peralta","Brewers","1","2","0","0","4.90","3","7","19.0","21","10","3","15","7","1.47","7.07","3.42","4.71","0.1","7738"
"Ben Taylor","Red Sox","1","1","0","1","4.74","0","12","12.0","12","6","2","11","5","1.43","8.35","3.97","4.71","0.0","18114"
"Sam Moll","","0","0","0","0","4.71","0","4","4.0","4","2","1","3","2","1.51","7.33","4.04","4.71","0.0","sa709023"
"Kevin Jepsen","","3","3","0","0","4.67","0","65","65.0","66","34","10","55","27","1.44","7.63","3.78","4.71","-0.1","6475"
"Ryne Stanek","Rays","1","1","0","3","4.68","0","16","16.0","16","8","2","16","8","1.47","8.63","4.49","4.71","0.0","15947"
"Justin Haley","Twins","0","0","0","0","4.86","0","4","4.0","5","2","1","3","2","1.46","6.98","3.40","4.71","0.0","13572"
"Kevin Shackelford","Reds","0","0","0","0","4.71","0","4","4.0","4","2","1","3","2","1.47","7.39","4.01","4.71","0.0","11012"
"Ross Ohlendorf","","3","3","0","0","4.68","0","65","65.0","63","34","11","62","27","1.38","8.60","3.72","4.71","-0.1","8268"
"Ryan Merritt","Indians","2","2","0","0","4.87","6","6","36.0","41","19","6","22","8","1.37","5.60","1.97","4.72","0.3","13688"
"Chad Bell","Tigers","1","1","0","2","4.76","0","15","15.0","16","8","2","12","7","1.48","7.35","3.93","4.73","0.0","10297"
"Brandon Finnegan","Reds","0","1","0","0","4.56","1","1","8.0","7","4","1","8","4","1.42","8.65","4.24","4.73","0.1","16208"
"Austin Voth","","1","1","0","0","4.66","2","6","16.0","17","8","2","13","7","1.45","7.17","3.77","4.73","0.1","sa621465"
"Connor Sadzeck","","0","0","0","0","4.68","1","5","8.0","8","4","1","7","4","1.45","8.02","4.10","4.74","0.0","sa550247"
"Jordan Zimmermann","Tigers","4","5","0","0","4.78","12","12","71.0","79","38","12","51","18","1.36","6.50","2.26","4.74","0.7","4505"
"Vidal Nuno","Orioles","0","0","0","0","4.59","0","6","6.0","6","3","1","6","2","1.32","8.14","2.68","4.74","0.0","9674"
"Lisalverto Bonilla","Reds","2","2","0","0","4.71","5","13","36.0","35","19","6","35","17","1.44","8.71","4.17","4.74","0.2","11266"
"R.A. Dickey","Braves","3","5","0","0","4.65","12","12","72.0","73","37","10","53","26","1.39","6.61","3.29","4.75","0.5","1245"
"Rob Scahill","Brewers","1","1","0","2","4.68","0","14","14.0","15","7","2","11","6","1.50","6.80","3.83","4.75","0.0","9286"
"Duane Underwood Jr.","","0","0","0","0","4.58","0","4","4.0","4","2","1","4","2","1.46","7.62","4.19","4.76","0.0","sa657936"
"Doug Fister","Red Sox","1","1","0","0","4.71","3","3","19.0","21","10","3","13","6","1.42","6.02","2.87","4.76","0.2","9425"
"Reymin Guduan","Astros","1","1","0","0","4.64","0","10","10.0","10","5","1","10","6","1.57","8.98","5.55","4.76","0.0","13058"
"Nefi Ogando","Reds","0","0","0","0","4.58","0","4","4.0","4","2","1","4","2","1.49","7.93","4.53","4.77","0.0","12253"
"Jose Urena","Marlins","3","4","0","0","4.86","9","13","56.0","60","30","8","40","20","1.43","6.37","3.27","4.77","0.3","11589"
"Nick Tepesch","Twins","0","0","0","0","4.85","0","4","4.0","5","2","1","3","1","1.43","5.72","2.61","4.78","0.0","11716"
"Matt Garza","Brewers","3","5","0","0","5.07","10","10","59.0","67","33","9","42","20","1.46","6.33","3.02","4.78","0.6","3340"
"Jarlin Garcia","Marlins","1","1","0","2","4.78","1","16","19.0","20","10","3","14","7","1.41","6.85","3.16","4.78","0.0","18282"
"Jarrod Parker","","1","1","0","0","4.84","3","3","18.0","20","10","3","13","6","1.41","6.58","2.92","4.78","0.1","4913"
"Matt Boyd","Tigers","2","2","0","0","4.74","6","6","32.0","34","17","5","25","11","1.39","7.08","3.08","4.78","0.3","15440"
"Dietrich Enns","","0","0","0","0","4.49","0","4","4.0","4","2","1","4","2","1.38","8.59","3.91","4.79","0.0","sa579749"
"Jason Motte","Braves","1","1","0","4","4.62","0","19","19.0","20","10","3","16","7","1.39","7.67","3.15","4.79","-0.1","5861"
"Glenn Sparkman","Blue Jays","1","1","0","0","4.89","0","10","10.0","11","6","2","8","3","1.39","7.21","2.67","4.79","0.0","15200"
"Drew Rucinski","Twins","0","0","0","0","5.08","0","4","4.0","5","2","1","3","1","1.44","6.83","2.84","4.79","0.0","12499"
"Miguel Almonte","Royals","1","1","0","1","4.72","1","13","17.0","17","9","2","15","8","1.50","7.87","4.45","4.80","0.0","14139"
"Keynan Middleton","Angels","1","1","0","4","4.75","0","18","18.0","17","10","3","18","9","1.44","8.87","4.32","4.80","0.0","15264"
"Tom Koehler","Marlins","3","4","0","0","4.78","10","10","56.0","57","30","8","46","25","1.47","7.38","4.00","4.81","0.3","6570"
"Keury Mella","","0","0","0","0","4.62","0","4","4.0","4","2","1","4","2","1.41","7.70","3.68","4.81","0.0","sa657486"
"Nick Pivetta","Phillies","3","5","0","0","4.79","12","12","67.0","66","35","11","64","28","1.40","8.70","3.78","4.81","0.6","15454"
"Daniel Gossett","Athletics","1","2","0","0","4.98","4","4","23.0","25","13","3","17","8","1.47","6.50","3.28","4.82","0.1","16164"
"Alan Busenitz","Twins","1","1","0","2","4.98","0","15","15.0","16","8","2","11","6","1.50","6.78","3.49","4.82","0.0","15239"
"Jacob Turner","Nationals","1","1","0","0","5.22","1","6","12.0","14","7","2","9","4","1.48","6.36","3.30","4.82","0.0","10185"
"Barrett Astin","Reds","0","0","0","0","4.86","0","4","4.0","4","2","1","4","2","1.44","7.53","3.70","4.82","0.0","14812"
"Christian Friedrich","Padres","1","2","0","0","4.75","5","5","27.0","28","14","4","20","11","1.48","6.84","3.85","4.83","0.2","7942"
"Adalberto Mejia","Twins","3","4","0","0","4.95","11","11","62.0","67","34","10","51","23","1.45","7.41","3.29","4.83","0.5","13188"
"Joely Rodriguez","Rangers","0","0","0","0","4.77","0","4","4.0","4","2","1","3","2","1.51","6.52","4.04","4.83","0.0","11487"
"Dylan Bundy","Orioles","4","5","0","0","4.78","11","11","63.0","65","33","11","55","22","1.39","7.83","3.17","4.84","0.7","12917"
"Jim Henderson","","3","3","0","0","4.81","0","65","65.0","62","35","11","64","30","1.41","8.85","4.17","4.84","-0.1","6653"
"Paul Blackburn","Athletics","2","3","0","0","4.98","8","8","47.0","54","26","6","28","16","1.50","5.32","3.04","4.85","0.2","14739"
"Rob Zastryzny","Cubs","0","0","0","0","4.89","0","4","4.0","4","2","1","4","2","1.46","7.78","3.95","4.85","0.0","15094"
"Jakob Junis","Royals","2","3","0","0","4.96","7","11","44.0","48","24","8","35","13","1.38","7.08","2.68","4.85","0.3","13619"
"Travis Wood","Royals","2","3","0","0","4.68","7","15","49.0","50","25","7","36","21","1.45","6.74","3.88","4.86","0.3","9884"
"A.J. Cole","Nationals","3","4","0","0","4.79","10","10","58.0","61","31","10","47","20","1.39","7.27","3.11","4.86","0.3","11467"
"Jordan Lyles","Rockies","1","1","0","2","5.08","1","15","18.0","20","10","3","13","6","1.51","6.38","3.26","4.86","0.0","7593"
"Caleb Smith","Yankees","0","0","0","0","4.96","0","4","4.0","4","2","1","4","2","1.43","8.34","3.97","4.87","0.0","14875"
"Tyler Pill","Mets","1","2","0","0","5.05","4","4","20.0","22","11","3","14","7","1.41","6.40","2.98","4.87","0.1","12751"
"Randy Rosario","Twins","0","0","0","0","4.97","0","4","4.0","5","2","1","3","2","1.57","6.36","4.08","4.87","0.0","14508"
"Max Fried","","0","0","0","0","4.69","1","1","4.0","4","2","0","3","2","1.57","7.84","5.21","4.87","0.0","sa657860"
"Sal Romano","Reds","1","2","0","0","4.99","5","5","32.0","34","17","5","25","12","1.44","7.02","3.41","4.88","0.3","13690"
"Kendry Flores","Marlins","1","1","0","0","4.81","3","3","16.0","16","8","2","12","6","1.45","6.72","3.70","4.88","0.1","12118"
"Jayson Aquino","Orioles","1","1","0","4","4.95","0","19","19.0","21","10","3","13","6","1.44","6.27","2.95","4.90","0.0","13150"
"Taylor Jungmann","Brewers","1","1","0","0","5.02","1","5","12.0","12","6","2","10","6","1.54","8.13","4.79","4.90","0.1","13119"
"Adam Morgan","Phillies","1","1","0","0","5.10","2","6","16.0","17","9","3","13","5","1.37","7.40","2.66","4.91","0.1","12580"
"Jose Alvarado","Rays","0","0","0","0","4.61","0","6","6.0","5","3","1","6","5","1.68","9.24","7.01","4.91","0.0","17780"
"Braden Shipley","Diamondbacks","1","1","0","0","4.96","3","3","19.0","22","11","3","13","7","1.47","6.26","3.24","4.91","0.1","15158"
"Lucas Harrell","","3","4","0","0","4.84","0","65","65.0","69","35","8","51","35","1.60","7.08","4.89","4.91","-0.2","7541"
"Nick Travieso","","0","0","0","0","4.70","0","4","4.0","4","2","1","4","2","1.42","8.01","3.89","4.91","0.0","sa657906"
"Daniel Wright","Angels","0","0","0","0","4.95","1","1","4.0","4","2","1","2","1","1.42","5.86","2.85","4.91","0.0","15179"
"Kyle Crick","Giants","1","1","0","1","4.78","0","12","12.0","12","6","1","11","8","1.64","8.40","6.18","4.91","0.0","13182"
"Jorge Lopez","Brewers","0","1","0","0","4.99","1","9","12.0","12","7","2","11","6","1.50","8.27","4.35","4.91","0.0","14527"
"Jeremy Hellickson","Phillies","3","4","0","0","4.96","10","10","60.0","65","33","11","45","17","1.37","6.71","2.51","4.91","0.5","4371"
"Domingo German","Yankees","1","1","0","0","5.01","1","9","13.0","13","7","2","11","4","1.41","7.79","3.18","4.92","0.0","17149"
"Antonio Senzatela","Rockies","3","4","0","1","5.12","6","19","50.0","57","28","8","38","17","1.49","6.85","3.11","4.92","0.3","15488"
"Jarred Cosart","Padres","2","4","0","0","4.98","8","12","52.0","55","29","6","35","28","1.61","6.10","4.89","4.92","0.2","10304"
"Tanner Scheppers","Rangers","0","1","0","0","4.86","0","10","10.0","11","6","1","8","5","1.49","7.23","4.19","4.92","0.0","10267"
"Tyler Cravy","Brewers","0","0","0","0","4.94","0","4","4.0","4","2","1","4","2","1.45","8.30","3.94","4.93","0.0","10770"
"Ashur Tolliver","Astros","0","1","0","1","4.93","0","12","12.0","12","7","2","12","7","1.54","8.39","4.97","4.95","0.0","10044"
"Ariel Miranda","Mariners","3","4","0","0","4.84","11","11","65.0","68","35","11","53","23","1.40","7.31","3.22","4.95","0.5","17526"
"Bryan Mitchell","Yankees","2","3","0","0","5.14","6","13","42.0","45","24","6","34","19","1.52","7.14","4.10","4.98","0.2","11479"
"Buck Farmer","Tigers","1","1","0","0","5.09","2","6","16.0","17","9","3","13","6","1.42","7.45","3.17","4.99","0.1","14814"
"Pat Venditte","Phillies","0","0","0","0","4.72","0","6","6.0","6","3","1","6","3","1.43","8.51","4.37","4.99","0.0","7108"
"Aaron Blair","Braves","1","1","0","0","4.98","3","3","16.0","16","9","2","13","8","1.50","7.35","4.25","4.99","0.1","14934"
"Kyle Freeland","Rockies","4","5","0","0","5.08","11","11","64.0","75","36","9","42","23","1.54","5.89","3.27","4.99","0.6","16256"
"Matt Cain","Giants","2","4","0","0","5.05","9","9","54.0","59","30","8","35","20","1.47","5.96","3.32","4.99","0.1","4732"
"Warwick Saupold","Tigers","1","1","0","3","5.07","0","17","17.0","19","10","2","12","7","1.52","6.49","3.74","5.00","0.0","13211"
"Alex Wimmers","Twins","0","0","0","0","5.13","0","6","6.0","7","4","1","5","3","1.54","7.52","4.38","5.00","0.0","11394"
"Ubaldo Jimenez","Orioles","3","4","0","0","5.25","10","14","59.0","63","35","10","51","28","1.53","7.77","4.27","5.01","0.4","3374"
"Eddie Butler","Cubs","1","2","0","0","4.98","2","13","22.0","25","12","3","14","9","1.50","5.54","3.56","5.01","0.1","13453"
"Austin Brice","Reds","0","1","0","0","4.95","0","10","10.0","11","6","2","9","5","1.45","7.95","3.87","5.02","0.0","17237"
"Ben Lively","Phillies","2","4","0","0","5.07","9","9","52.0","55","29","9","40","17","1.40","6.86","3.01","5.02","0.4","14932"
"Clayton Blackburn","","0","0","0","0","5.07","1","1","4.0","4","2","1","3","1","1.46","6.44","3.22","5.02","0.0","sa598302"
"Andrew Moore","Mariners","3","4","0","0","5.15","11","11","61.0","68","35","12","43","14","1.35","6.41","2.13","5.02","0.4","17553"
"Tyler Wilson","Orioles","2","3","0","0","5.20","5","14","40.0","46","23","7","26","11","1.43","5.83","2.51","5.03","0.2","12691"
"Chris Heston","Twins","0","0","0","0","5.20","0","4","4.0","5","2","1","3","2","1.52","6.39","3.64","5.04","0.0","10302"
"Andrew Cashner","Rangers","3","4","0","0","5.29","9","9","50.0","58","30","7","33","20","1.56","5.85","3.62","5.04","0.2","8782"
"Chris Heston","Twins","0","0","0","0","5.20","1","1","4.0","4","2","1","3","2","1.52","6.38","3.64","5.04","0.0","10302"
"Lucas Giolito","White Sox","1","1","0","0","4.97","3","3","16.0","15","9","2","14","8","1.53","8.34","4.90","5.05","0.1","15474"
"Chris Tillman","Orioles","3","4","0","0","5.08","10","10","54.0","58","31","9","40","22","1.48","6.67","3.58","5.05","0.5","5279"
"Pat Light","Mariners","0","0","0","0","4.79","0","4","4.0","4","2","1","3","2","1.55","7.35","4.97","5.05","0.0","13427"
"Pat Light","Mariners","0","0","0","0","4.79","0","4","4.0","4","2","1","3","2","1.55","7.35","4.97","5.05","0.0","13427"
"Miguel Castro","Orioles","0","0","0","0","4.83","0","4","4.0","5","2","1","3","2","1.53","7.05","3.73","5.05","0.0","15684"
"Tyler Danish","White Sox","0","0","0","0","5.21","0","4","4.0","5","3","1","3","2","1.56","5.73","3.60","5.05","0.0","15126"
"Zach Eflin","Phillies","1","1","0","0","5.23","3","3","20.0","22","11","4","13","5","1.38","5.74","2.18","5.06","0.1","13774"
"Greg Mahle","Angels","0","0","0","0","4.73","0","4","4.0","4","2","1","3","2","1.50","6.22","4.05","5.07","0.0","16877"
"Asher Wojciechowski","Reds","0","1","0","1","5.07","0","13","13.0","13","7","2","11","5","1.40","8.11","3.24","5.07","0.0","10836"
"Jake Esch","Padres","0","1","0","0","5.05","1","5","8.0","9","5","1","6","3","1.49","6.14","3.58","5.08","0.0","12756"
"Sam Gaviglio","Mariners","2","4","0","0","5.30","9","9","49.0","56","29","8","32","15","1.46","5.95","2.84","5.08","0.2","12778"
"John Danks","","4","5","0","0","5.06","13","13","75.0","83","42","13","53","25","1.44","6.33","3.00","5.09","0.3","6329"
"Edwin Jackson","Nationals","2","2","0","0","5.34","5","5","31.0","34","18","5","22","13","1.53","6.36","3.87","5.09","0.2","1841"
"Jake Peavy","","2","3","0","0","5.13","8","8","46.0","49","26","9","35","15","1.40","6.87","2.88","5.09","0.2","1051"
"Brian Johnson","Red Sox","1","1","0","0","5.06","3","3","19.0","20","11","3","14","8","1.51","6.91","3.88","5.09","0.1","14272"
"Craig Breslow","Twins","0","0","0","0","5.15","0","8","8.0","10","5","1","6","3","1.57","6.34","3.72","5.10","0.0","4363"
"Chance Adams","","1","1","0","0","4.97","2","2","12.0","12","7","2","11","6","1.46","8.41","4.35","5.11","0.1","sa875066"
"Chase De Jong","Mariners","0","0","0","0","5.18","1","1","4.0","4","2","1","3","1","1.43","6.98","3.37","5.13","0.0","15036"
"Chris Beck","White Sox","1","1","0","4","5.20","0","19","19.0","21","11","3","14","8","1.53","6.67","3.85","5.13","-0.1","13418"
"Eric Stults","","2","3","0","0","5.14","8","8","46.0","52","26","8","29","14","1.43","5.75","2.67","5.14","0.2","8011"
"Tim Adleman","Reds","2","4","0","0","5.05","10","10","55.0","57","31","10","45","19","1.40","7.45","3.18","5.14","0.3","10968"
"Miguel Gonzalez","White Sox","3","5","0","0","5.21","11","11","64.0","72","37","11","45","21","1.46","6.29","3.02","5.14","0.4","7024"
"Gonzalez Germen","Rockies","0","0","0","0","5.24","0","6","6.0","6","4","1","5","3","1.58","8.06","4.84","5.15","0.0","5876"
"Robert Stephenson","Reds","0","1","0","0","5.02","1","7","10.0","9","6","2","11","6","1.52","9.65","5.34","5.15","0.0","13594"
"Jimmy Cordero","","0","0","0","0","5.03","0","4","4.0","4","2","1","3","2","1.61","6.81","5.02","5.16","0.0","sa680023"
"Gregory Infante","White Sox","1","1","1","6","5.24","0","24","24.0","24","14","4","22","15","1.63","8.49","5.58","5.16","-0.1","9119"
"Christian Bergman","Mariners","2","3","0","0","5.28","7","7","37.0","43","22","7","24","10","1.43","5.88","2.46","5.17","0.2","10925"
"Colby Lewis","","8","12","0","0","5.28","28","28","171.0","193","100","33","120","46","1.40","6.30","2.43","5.17","0.6","1259"
"Chris Young","Royals","0","1","0","0","5.17","1","7","10.0","11","6","2","9","4","1.47","8.10","3.80","5.18","0.0","3196"
"Derek Holland","White Sox","3","5","0","0","5.24","11","11","63.0","70","37","12","50","24","1.47","7.03","3.35","5.19","0.3","4141"
"Chris Lee","","0","0","0","0","4.94","0","4","4.0","5","2","1","3","2","1.57","5.81","4.15","5.20","0.0","sa550044"
"Junior Guerra","Brewers","2","4","0","0","5.11","10","10","56.0","57","32","10","48","25","1.49","7.83","4.12","5.20","0.3","5702"
"Luis Cessa","Yankees","2","4","0","0","5.32","9","9","51.0","56","30","9","38","17","1.44","6.71","3.07","5.21","0.3","13345"
"Carson Fulmer","White Sox","0","0","0","0","5.10","0","4","4.0","4","2","1","4","2","1.56","7.92","4.93","5.21","0.0","18311"
"Brad Goldberg","White Sox","0","0","0","0","5.24","0","6","6.0","7","4","1","6","4","1.63","8.34","5.55","5.21","0.0","14776"
"Joe Beimel","","3","3","0","0","5.02","0","65","65.0","73","36","10","42","28","1.54","5.82","3.83","5.21","-0.6","979"
"Jake Thompson","Phillies","1","1","0","0","5.14","2","2","12.0","13","7","2","9","5","1.48","6.62","3.71","5.21","0.1","14371"
"Parker Bridwell","Angels","1","2","0","0","5.35","5","9","30.0","33","18","5","24","13","1.51","7.03","3.91","5.22","0.0","11502"
"T.J. House","Blue Jays","0","1","0","0","5.19","1","1","8.0","8","4","1","5","4","1.60","6.32","4.57","5.22","0.0","9121"
"Miguel Diaz","Padres","1","2","0","1","5.38","3","15","28.0","30","17","5","23","13","1.54","7.39","4.24","5.23","0.0","18815"
"Mike Wright","Orioles","0","0","0","0","5.33","1","1","4.0","4","2","1","3","1","1.44","6.36","2.90","5.24","0.0","12586"
"Rookie Davis","Reds","1","2","0","0","5.25","5","5","28.0","30","16","5","20","11","1.48","6.57","3.52","5.25","0.1","14962"
"Matt Harrison","","1","1","0","0","5.18","3","3","18.0","21","11","3","11","8","1.56","5.53","3.81","5.25","0.1","5551"
"Shane Carle","Rockies","0","0","0","0","5.48","1","1","4.0","5","2","1","2","1","1.52","5.69","2.78","5.26","0.0","15258"
"Kevin Gadea","","0","0","0","0","5.00","0","4","4.0","4","2","1","3","2","1.56","7.27","5.08","5.29","0.0","sa735841"
"Mike Pelfrey","White Sox","3","5","0","0","5.46","11","11","65.0","78","39","10","38","26","1.61","5.25","3.62","5.29","0.2","5203"
"Aaron Harang","","7","10","0","0","5.40","24","24","148.0","167","89","27","100","50","1.47","6.11","3.07","5.30","0.3","1451"
"Tim Lincecum","","4","6","0","0","5.46","13","13","75.0","82","46","13","58","34","1.54","6.95","4.04","5.31","0.2","5705"
"Vicente Campos","Angels","0","0","0","0","5.13","1","5","8.0","8","4","1","6","3","1.47","6.37","3.70","5.33","0.0","11681"
"Ariel Hernandez","Reds","0","1","0","2","5.05","0","15","15.0","13","8","2","17","12","1.72","10.60","7.60","5.34","0.0","15603"
"Gerardo Concepcion","","3","3","0","0","5.11","0","65","65.0","66","37","10","53","39","1.62","7.31","5.38","5.35","-0.2","14411"
"James Shields","White Sox","3","5","0","0","5.40","11","11","65.0","71","39","12","53","27","1.51","7.42","3.72","5.35","0.2","7059"
"Nick Martinez","Rangers","1","1","0","0","5.35","3","3","19.0","23","12","3","12","7","1.51","5.53","3.03","5.35","0.1","12730"
"Amir Garrett","Reds","1","3","0","0","5.26","5","5","32.0","32","18","6","28","17","1.54","8.08","4.71","5.37","0.1","14375"
"Alec Asher","Orioles","1","2","0","0","5.26","4","4","24.0","26","14","5","16","7","1.40","6.02","2.63","5.39","0.1","13560"
"Tyler Matzek","Rockies","1","1","0","0","5.53","2","2","11.0","12","7","2","9","7","1.71","7.69","5.79","5.40","0.1","10058"
"Kyle Lohse","","6","9","0","0","5.46","21","21","124.0","143","75","24","77","37","1.46","5.60","2.72","5.41","0.2","739"
"A.J. Griffin","Rangers","2","2","0","0","5.35","5","5","32.0","34","19","7","27","11","1.41","7.72","3.12","5.42","0.1","11132"
"William Cuevas","Tigers","0","0","0","0","5.41","0","4","4.0","5","3","1","3","2","1.51","6.36","3.69","5.44","0.0","13331"
"Hector Santiago","Twins","3","4","0","0","5.36","10","10","55.0","59","33","10","44","25","1.52","7.20","4.05","5.44","0.2","4026"
"Jered Weaver","Padres","0","0","0","0","5.46","1","1","4.0","4","2","1","2","1","1.44","5.81","2.72","5.45","0.0","4235"
"Jerome Williams","","4","7","0","0","5.57","16","16","91.0","108","56","16","52","31","1.54","5.20","3.10","5.46","0.1","1137"
"Logan Verrett","Orioles","0","1","0","0","5.58","1","1","8.0","9","5","1","5","3","1.54","6.23","3.56","5.47","0.0","12905"
"Brett Oberholtzer","Blue Jays","0","1","0","0","5.50","1","1","8.0","9","5","1","5","3","1.52","5.72","3.40","5.47","0.0","3855"
"Ricardo Pinto","Phillies","1","2","0","3","5.51","1","18","21.0","23","13","4","15","8","1.49","6.52","3.49","5.48","-0.1","16318"
"Yency Almonte","","0","0","0","0","5.63","1","1","4.0","4","2","1","3","2","1.57","7.00","4.24","5.49","0.0","sa658334"
"Jesus Liranzo","","0","0","0","0","5.31","0","4","4.0","4","2","1","4","3","1.58","8.73","5.59","5.50","0.0","sa658076"
"Ryan Vogelsong","","5","7","0","0","5.58","16","16","94.0","105","58","17","66","40","1.55","6.34","3.85","5.51","0.0","1011"
"Alberto Tirado","","0","0","0","0","5.14","0","9","9.0","8","5","1","8","7","1.73","8.66","7.19","5.51","0.0","sa659315"
"Austin Bibens-Dirkx","Rangers","0","1","0","0","5.65","1","6","12.0","14","8","3","8","4","1.49","6.33","2.85","5.51","0.0","9559"
"Jimmy Yacabonis","Orioles","0","1","0","0","5.57","0","10","10.0","11","6","2","8","7","1.68","7.23","5.59","5.52","0.0","15157"
"Nik Turley","Twins","1","3","0","0","5.60","5","5","32.0","33","20","6","29","18","1.63","8.29","5.26","5.55","0.0","5530"
"Ronald Herrera","Yankees","0","0","0","0","5.64","1","1","4.0","4","2","1","3","1","1.49","6.44","3.25","5.55","0.0","15688"
"Tyrell Jenkins","Padres","0","0","0","0","5.57","1","1","4.0","4","2","1","3","2","1.69","6.09","5.22","5.56","0.0","11378"
"Paul Clemens","","2","4","0","0","5.64","8","8","47.0","51","29","9","35","22","1.56","6.78","4.25","5.63","0.0","8037"
"David Holmberg","White Sox","2","4","0","2","5.71","7","22","56.0","65","35","10","34","23","1.58","5.54","3.74","5.64","0.1","7725"
"Tyler Wagner","Rangers","0","0","0","0","5.67","1","1","4.0","4","2","1","2","2","1.61","5.55","4.21","5.65","0.0","13796"
"Andrew Faulkner","Orioles","0","1","0","0","5.53","1","1","8.0","8","5","1","6","4","1.60","7.13","4.99","5.75","0.0","12982"
"Yefry Ramirez","","0","0","0","0","5.62","1","1","4.0","4","2","1","3","2","1.51","7.14","4.12","5.80","0.0","sa597051"
"Dylan Covey","White Sox","1","1","0","0","6.02","3","3","16.0","19","11","3","10","8","1.66","5.53","4.29","5.84","0.0","14825"
"Bronson Arroyo","Reds","0","0","0","0","6.02","1","1","4.0","5","3","1","2","1","1.46","5.46","2.33","6.03","0.0","978"
"Zach Jemiola","","0","0","0","0","6.36","1","1","4.0","5","3","1","2","2","1.66","5.12","3.85","6.13","0.0","sa658131"
