"Name","Team","W","L","ERA","GS","G","IP","H","ER","HR","SO","BB","WHIP","K/9","BB/9","FIP","WAR","playerid"
"Kenley Jansen","Dodgers","6","0","1.36","0","65","66.0","37","10","4","100","7","0.67","13.75","0.90","1.33","2.6","3096"
"Craig Kimbrel","Red Sox","4","0","1.61","0","64","64.0","31","11","4","110","14","0.72","15.52","2.01","1.43","2.3","6655"
"Andrew Miller","Indians","7","2","1.55","0","67","75.0","40","13","5","118","17","0.77","14.09","2.05","1.72","2.4","6785"
"Aroldis Chapman","Yankees","4","0","2.73","0","49","46.0","37","14","2","75","17","1.16","14.69","3.25","1.75","1.6","10233"
"Roberto Osuna","Blue Jays","4","1","2.22","0","69","67.0","47","16","5","85","9","0.84","11.55","1.17","2.06","2.0","13764"
"Noah Syndergaard","Mets","7","5","2.96","17","17","98.0","88","32","6","116","17","1.07","10.62","1.56","2.19","3.7","11762"
"Wade Davis","Cubs","4","0","1.89","0","57","55.0","35","12","3","78","21","1.01","12.80","3.45","2.24","1.5","7441"
"Chris Sale","Red Sox","19","7","2.70","32","32","221.0","171","66","20","292","40","0.95","11.89","1.63","2.33","8.4","10603"
"Tommy Kahnle","White Sox","2","4","2.99","0","62","62.0","49","21","6","93","21","1.13","13.51","3.06","2.46","1.4","11384"
"David Hernandez","Angels","1","1","2.93","0","55","52.0","46","17","2","58","16","1.19","9.92","2.74","2.46","1.1","4259"
"Blake Parker","Angels","4","3","2.78","0","63","59.0","45","18","5","79","17","1.04","12.15","2.53","2.48","1.3","5224"
"Zach Putnam","White Sox","1","1","2.37","0","22","24.0","15","6","1","27","7","0.92","10.16","2.58","2.51","0.5","9080"
"Koji Uehara","Cubs","4","5","2.75","0","54","49.0","37","15","3","55","16","1.07","10.10","2.88","2.56","1.2","9227"
"Felipe Rivero","Pirates","5","3","1.70","0","76","79.0","49","15","4","90","23","0.90","10.30","2.58","2.57","1.7","12076"
"Cam Bedrosian","Angels","3","0","2.51","0","37","38.0","29","11","3","49","12","1.07","11.57","2.75","2.59","0.8","13360"
"Dellin Betances","Yankees","6","5","2.82","0","64","61.0","34","19","4","109","43","1.26","16.06","6.27","2.59","1.4","6216"
"Alex Wood","Dodgers","14","3","2.42","22","26","137.0","102","37","7","152","39","1.02","9.97","2.54","2.60","4.3","13781"
"Andrew Chafin","Diamondbacks","2","1","2.48","0","70","58.0","47","16","3","68","21","1.16","10.58","3.22","2.60","1.2","12988"
"Joakim Soria","Royals","7","4","3.37","0","70","67.0","62","25","4","81","24","1.28","10.83","3.23","2.60","1.4","6941"
"Pat Neshek","Phillies","4","3","1.94","0","67","59.0","48","13","4","60","10","0.97","9.19","1.50","2.61","1.5","4682"
"Mike Minor","Royals","7","2","2.39","0","57","67.0","52","18","3","69","21","1.08","9.27","2.76","2.64","1.5","10021"
"Corey Kluber","Indians","14","6","2.92","28","28","185.0","146","60","17","229","46","1.04","11.15","2.25","2.67","6.1","2429"
"Sean Doolittle","Athletics","2","1","3.40","0","41","38.0","26","14","6","53","5","0.82","12.59","1.19","2.67","0.9","1581"
"Trevor Rosenthal","Cardinals","4","4","3.62","0","65","61.0","49","24","4","90","30","1.31","13.32","4.50","2.68","1.2","10745"
"Chris Devenski","Astros","9","4","2.85","0","61","89.0","61","28","9","116","23","0.95","11.74","2.36","2.71","1.9","12763"
"Max Scherzer","Nationals","18","8","2.45","32","32","226.0","150","62","23","296","52","0.89","11.79","2.06","2.73","7.5","3137"
"Raisel Iglesias","Reds","4","3","2.17","0","64","73.0","48","18","5","88","27","1.02","10.82","3.27","2.73","1.5","17130"
"Corey Knebel","Brewers","1","3","2.33","0","70","69.0","45","18","6","114","39","1.21","14.80","5.10","2.75","1.6","15010"
"Jim Johnson","Braves","8","3","3.97","0","69","68.0","62","30","4","79","22","1.23","10.38","2.91","2.78","1.3","3656"
"Clayton Kershaw","Dodgers","21","5","2.36","32","32","218.0","161","57","27","265","36","0.91","10.96","1.47","2.82","6.6","2036"
"Ken Giles","Astros","3","3","3.26","0","64","62.0","48","22","5","79","24","1.15","11.46","3.45","2.83","1.2","12910"
"Jake McGee","Rockies","1","1","2.93","0","64","60.0","50","20","6","70","16","1.10","10.39","2.35","2.85","1.3","7550"
"Joe Smith","Blue Jays","5","1","3.31","0","62","58.0","52","21","6","75","15","1.16","11.61","2.39","2.85","1.1","3281"
"Juan Nicasio","Pirates","4","6","3.16","3","69","81.0","69","28","4","83","30","1.23","9.29","3.33","2.86","1.5","7731"
"Nick Vincent","Mariners","4","2","2.60","0","65","63.0","57","18","4","55","14","1.12","7.84","2.00","2.87","1.3","7555"
"Ryan Madson","Athletics","3","5","2.56","0","62","60.0","46","17","4","56","12","0.96","8.39","1.74","2.89","1.0","1852"
"Zach Britton","Orioles","1","0","2.32","0","35","36.0","36","9","2","34","12","1.32","8.45","3.02","2.90","0.7","3240"
"Lance McCullers","Astros","11","4","3.10","27","27","151.0","131","52","11","178","50","1.19","10.59","2.96","2.90","4.2","14120"
"Greg Holland","Rockies","2","2","2.25","0","55","51.0","33","13","3","67","26","1.13","11.70","4.48","2.90","1.1","7196"
"Madison Bumgarner","Giants","6","6","2.88","15","15","100.0","88","32","9","106","19","1.07","9.56","1.70","2.92","2.8","5524"
"Brad Hand","Padres","4","5","2.66","0","77","84.0","64","25","8","107","27","1.07","11.38","2.83","2.92","1.4","9111"
"Brandon Morrow","Dodgers","3","1","3.34","2","24","33.0","30","12","2","32","8","1.15","8.66","2.06","2.92","0.7","9346"
"Anthony Swarzak","White Sox","6","5","3.39","3","56","78.0","68","29","5","75","22","1.16","8.62","2.58","3.00","1.8","7466"
"Addison Reed","Mets","2","3","2.83","0","75","77.0","71","24","9","80","12","1.09","9.36","1.41","3.01","1.2","10586"
"Adam Liberatore","Dodgers","1","1","3.28","0","23","20.0","17","7","2","24","8","1.23","10.82","3.51","3.03","0.3","10637"
"Tommy Hunter","Rays","1","3","2.86","0","52","48.0","42","15","4","48","13","1.14","9.03","2.38","3.06","0.8","1157"
"Stephen Strasburg","Nationals","15","7","3.35","31","31","191.0","162","71","19","220","53","1.13","10.38","2.51","3.08","5.1","10131"
"David Robertson","White Sox","6","4","3.10","0","55","58.0","43","20","7","84","21","1.10","12.94","3.29","3.08","1.0","8241"
"James Hoyt","Astros","2","1","4.14","0","53","61.0","56","28","10","91","14","1.15","13.52","2.14","3.09","0.9","14605"
"Trevor Hildenberger","Twins","2","1","3.25","0","18","25.0","25","9","2","25","7","1.25","8.79","2.35","3.10","0.4","17002"
"James Paxton","Mariners","11","6","3.42","25","25","137.0","120","52","11","146","48","1.23","9.62","3.15","3.11","3.7","11828"
"Boone Logan","Indians","2","1","4.45","0","62","36.0","35","18","4","47","13","1.32","11.83","3.19","3.15","0.6","5525"
"Darren O'Day","Orioles","3","3","3.37","0","55","52.0","36","20","4","65","22","1.12","11.27","3.78","3.15","1.0","3321"
"Keone Kela","Rangers","7","3","2.95","0","55","54.0","33","18","6","72","22","1.03","12.10","3.68","3.16","1.1","14696"
"Koda Glover","Nationals","1","2","4.23","0","46","46.0","45","22","4","44","11","1.20","8.58","2.10","3.18","0.8","17695"
"Danny Barnes","Blue Jays","4","3","2.86","0","56","69.0","50","22","8","81","20","1.01","10.57","2.57","3.18","1.3","11388"
"Chris Archer","Rays","13","9","3.74","34","34","213.0","195","89","22","251","67","1.23","10.59","2.83","3.18","5.5","6345"
"Brandon Maurer","Padres","2","6","4.88","0","69","65.0","62","35","6","64","16","1.19","8.86","2.15","3.19","1.0","4878"
"Justin Wilson","Tigers","5","5","3.10","0","67","61.0","44","21","7","82","23","1.09","11.93","3.39","3.20","1.0","4301"
"Adam Warren","Yankees","4","3","2.99","2","53","73.0","53","24","5","70","23","1.04","8.59","2.79","3.21","1.4","9029"
"Brad Peacock","Astros","9","3","3.29","17","33","109.0","86","40","6","134","60","1.34","11.08","4.98","3.21","2.6","5401"
"Archie Bradley","Diamondbacks","6","4","2.76","8","49","95.0","81","29","9","104","30","1.15","9.84","2.78","3.23","1.9","12918"
"Paul Sewald","Mets","1","4","4.07","0","53","64.0","63","29","6","73","19","1.27","10.27","2.69","3.23","0.9","13892"
"Liam Hendriks","Athletics","4","2","4.57","0","65","67.0","68","34","8","83","22","1.33","11.14","2.91","3.24","0.9","3548"
"Cody Allen","Indians","2","5","2.84","0","67","65.0","57","21","9","92","23","1.23","12.69","3.21","3.24","1.0","12183"
"Andrew Bailey","Angels","3","1","3.12","0","16","16.0","12","6","2","16","4","1.01","8.73","2.35","3.26","0.2","1368"
"Dallas Keuchel","Astros","14","4","2.65","23","23","151.0","119","45","14","138","37","1.03","8.21","2.22","3.27","3.6","9434"
"Michael Feliz","Astros","6","4","4.04","3","58","77.0","67","35","9","100","31","1.26","11.62","3.58","3.28","1.3","11903"
"Brad Brach","Orioles","5","2","2.81","0","68","71.0","49","22","8","79","23","1.02","10.06","2.93","3.28","1.2","6627"
"Bryan Shaw","Indians","4","4","3.07","0","77","73.0","65","25","4","66","30","1.30","8.13","3.70","3.28","1.0","8110"
"Phil Maton","Padres","3","1","3.71","0","28","29.0","26","12","4","36","5","1.06","10.92","1.58","3.29","0.4","18064"
"Will Harris","Astros","4","3","3.01","0","63","63.0","53","21","8","69","12","1.04","9.98","1.77","3.30","1.0","3192"
"Mark Melancon","Giants","2","3","3.38","0","49","46.0","47","17","5","43","8","1.20","8.44","1.52","3.30","0.5","4264"
"Hunter Strickland","Giants","3","3","2.50","0","66","58.0","50","16","3","60","27","1.33","9.42","4.21","3.32","0.8","7836"
"Jerry Blevins","Mets","5","1","3.64","0","71","46.0","39","19","5","61","23","1.34","12.05","4.46","3.33","0.7","7841"
"Zack Greinke","Diamondbacks","17","8","3.13","31","31","198.0","169","69","26","211","41","1.06","9.57","1.87","3.33","4.9","1943"
"Carlos Carrasco","Indians","16","7","3.43","30","30","183.0","157","70","21","201","46","1.11","9.89","2.26","3.33","4.5","6632"
"Yusmeiro Petit","Angels","3","1","3.19","1","51","84.0","71","30","9","85","20","1.08","9.13","2.10","3.33","1.4","4020"
"Jeurys Familia","Mets","3","2","3.27","0","39","37.0","30","14","2","40","19","1.34","9.56","4.70","3.35","0.5","5114"
"Randall Delgado","Diamondbacks","3","3","3.26","6","54","100.0","94","36","10","96","27","1.21","8.61","2.40","3.38","1.7","5985"
"Zack Godley","Diamondbacks","5","5","3.02","14","35","109.0","83","36","8","103","36","1.09","8.50","2.94","3.39","2.2","14862"
"Luis Severino","Yankees","9","8","3.74","30","32","184.0","166","76","22","204","49","1.17","9.96","2.41","3.39","4.5","15890"
"Aaron Nola","Phillies","11","11","3.65","27","27","160.0","149","65","16","155","44","1.20","8.67","2.47","3.41","3.7","16149"
"Brett Cecil","Cardinals","3","3","3.37","0","73","59.0","53","22","6","61","19","1.21","9.37","2.83","3.42","0.8","2660"
"Jacob Barnes","Brewers","2","2","3.63","0","67","65.0","54","26","6","74","27","1.24","10.26","3.75","3.44","0.9","12323"
"Brad Boxberger","Rays","3","1","2.97","0","22","21.0","14","7","2","30","12","1.21","12.66","4.98","3.46","0.2","10133"
"Jeff Samardzija","Giants","9","14","4.15","31","31","205.0","205","95","28","207","31","1.15","9.09","1.37","3.47","4.0","3254"
"Blake Wood","Reds","2","6","4.18","0","64","69.0","66","32","4","73","35","1.46","9.54","4.51","3.47","0.9","1345"
"Nate Jones","White Sox","2","1","2.82","0","31","31.0","25","10","4","38","11","1.17","11.08","3.31","3.47","0.4","4696"
"Garrett Richards","Angels","2","2","3.24","7","7","40.0","35","15","3","38","14","1.22","8.52","3.14","3.47","0.8","9784"
"Michael Fulmer","Tigers","15","10","3.38","30","30","194.0","180","73","15","148","47","1.17","6.88","2.17","3.47","4.6","13218"
"Pedro Strop","Cubs","5","3","3.03","0","68","58.0","46","19","5","67","23","1.18","10.38","3.52","3.48","0.6","4070"
"Brian Duensing","Cubs","1","1","3.02","0","57","63.0","59","21","8","69","17","1.21","9.96","2.48","3.48","0.7","4064"
"Ross Stripling","Dodgers","3","6","4.18","6","36","81.0","86","37","8","75","22","1.35","8.36","2.51","3.48","1.3","13273"
"Joe Kelly","Red Sox","5","2","2.41","0","61","63.0","50","17","3","53","28","1.23","7.52","3.94","3.49","0.7","9761"
"Matt Barnes","Red Sox","7","4","3.66","0","71","71.0","58","29","6","83","36","1.31","10.53","4.49","3.49","0.9","12863"
"Nick Wittgren","Marlins","4","3","3.60","0","58","68.0","67","27","9","68","13","1.18","8.96","1.77","3.49","0.7","15594"
"Oliver Drake","Brewers","4","3","4.25","0","66","63.0","62","30","7","76","26","1.40","10.96","3.73","3.50","0.8","8823"
"Luis Avilan","Dodgers","2","2","3.98","0","66","48.0","51","21","5","54","19","1.45","10.03","3.54","3.50","0.5","2882"
"Brandon McCarthy","Dodgers","9","6","3.35","22","22","123.0","112","46","9","91","34","1.18","6.67","2.46","3.51","3.0","4662"
"Kirby Yates","Padres","3","2","3.00","0","55","54.0","46","18","9","74","18","1.18","12.28","2.92","3.51","0.6","9073"
"Chase Whitley","Rays","3","2","3.54","4","39","67.0","54","26","4","50","22","1.13","6.71","2.91","3.51","1.1","10982"
"Luis Garcia","Phillies","2","3","3.19","0","59","64.0","57","23","4","55","25","1.27","7.65","3.49","3.52","0.8","6984"
"Huston Street","Angels","1","1","2.85","0","18","17.0","15","5","2","15","6","1.17","7.80","2.87","3.52","0.2","8258"
"A.J. Schugel","Pirates","2","1","3.70","0","19","25.0","26","10","2","19","6","1.29","6.73","2.29","3.52","0.2","11432"
"A.J. Ramos","Marlins","4","4","3.35","0","64","62.0","46","23","5","76","33","1.28","11.09","4.84","3.52","0.6","8350"
"Carlos Estevez","Rockies","6","2","5.79","0","42","40.0","48","26","3","41","15","1.58","9.29","3.47","3.53","0.6","14542"
"Jimmy Nelson","Brewers","13","9","3.61","31","31","187.0","185","75","20","189","53","1.28","9.11","2.55","3.54","4.2","10547"
"Carl Edwards Jr.","Cubs","4","2","2.84","0","63","60.0","33","19","7","85","33","1.10","12.71","4.98","3.55","0.6","13607"
"Matt Bowman","Cardinals","3","4","3.78","0","73","68.0","60","29","6","56","18","1.15","7.45","2.38","3.56","0.7","13528"
"Sam Freeman","Braves","1","0","3.65","0","47","56.0","55","22","4","58","29","1.50","9.47","4.69","3.57","0.5","6832"
"Jameson Taillon","Pirates","8","4","3.16","20","20","113.0","113","40","10","101","35","1.31","8.05","2.79","3.58","2.2","11674"
"Kyle Barraclough","Marlins","6","3","3.49","0","75","75.0","61","29","5","91","49","1.46","10.91","5.87","3.58","0.7","13713"
"Blaine Boyer","Red Sox","2","2","3.51","0","39","47.0","53","18","4","35","11","1.36","6.61","2.17","3.59","0.5","2237"
"Chase Bradford","Mets","1","1","4.39","0","24","29.0","32","14","2","22","8","1.36","6.75","2.36","3.60","0.3","12452"
"Tyler Lyons","Cardinals","1","1","3.71","0","40","52.0","49","22","5","56","18","1.27","9.66","3.03","3.61","0.5","11334"
"Sean Manaea","Athletics","11","9","3.80","28","28","162.0","144","68","15","157","55","1.23","8.76","3.09","3.63","3.0","15873"
"Bud Norris","Angels","4","5","3.44","6","54","83.0","70","32","9","90","30","1.20","9.78","3.26","3.63","1.2","9492"
"Donnie Hart","Orioles","2","1","3.17","0","56","50.0","50","18","3","39","16","1.32","7.03","2.85","3.64","0.6","15306"
"Alex Colome","Rays","4","4","3.53","0","66","69.0","62","27","6","67","28","1.29","8.75","3.57","3.64","0.7","6661"
"Scott Alexander","Royals","2","4","3.10","0","44","61.0","54","21","4","49","26","1.31","7.12","3.81","3.64","0.5","10591"
"Ryan Tepera","Blue Jays","6","2","3.76","0","66","76.0","60","32","6","80","31","1.21","9.57","3.70","3.64","1.0","10291"
"Chad Green","Yankees","3","3","3.47","9","30","84.0","68","32","11","92","24","1.10","9.92","2.56","3.64","1.6","15552"
"David Phelps","Marlins","4","6","3.60","0","72","76.0","69","30","8","77","28","1.26","9.09","3.25","3.65","0.5","6316"
"Michael Wacha","Cardinals","10","7","4.09","28","28","152.0","156","69","15","145","53","1.38","8.58","3.15","3.65","2.8","14078"
"Brent Suter","Brewers","3","4","3.80","10","22","71.0","71","30","6","58","21","1.30","7.37","2.63","3.66","1.3","13942"
"Hector Rondon","Cubs","4","2","3.62","0","65","62.0","50","25","8","71","20","1.15","10.34","2.98","3.66","0.6","2391"
"Alex Claudio","Rangers","2","1","3.11","1","67","78.0","75","27","7","54","17","1.19","6.29","2.00","3.66","0.8","12890"
"Drew Pomeranz","Red Sox","14","8","3.66","29","29","155.0","150","63","19","166","56","1.32","9.64","3.22","3.66","3.1","11426"
"Luke Jackson","Braves","3","1","3.64","0","45","54.0","48","22","3","47","23","1.31","7.83","3.82","3.67","0.4","11752"
"Al Alburquerque","Royals","1","2","4.18","0","25","22.0","18","10","2","23","11","1.34","9.45","4.73","3.67","0.2","6324"
"Zach McAllister","Indians","2","1","3.04","0","57","68.0","61","23","9","80","25","1.25","10.51","3.26","3.67","0.7","2895"
"Sonny Gray","Athletics","8","8","3.99","24","24","148.0","138","66","15","135","48","1.25","8.24","2.90","3.68","2.7","12768"
"Trevor Cahill","Padres","5","5","3.59","11","32","84.0","73","34","10","101","35","1.28","10.77","3.73","3.68","1.3","6249"
"Mychal Givens","Orioles","9","2","2.71","0","66","80.0","63","24","10","88","25","1.11","9.88","2.82","3.68","0.9","10430"
"Tyler Skaggs","Angels","3","3","3.94","12","12","66.0","64","29","7","64","22","1.29","8.71","2.95","3.68","1.2","10190"
"Luke Weaver","Cardinals","2","2","3.74","7","10","41.0","42","17","4","35","10","1.27","7.58","2.26","3.70","0.7","16918"
"Robbie Ray","Diamondbacks","13","9","3.37","31","31","186.0","152","70","24","243","86","1.28","11.76","4.16","3.70","3.8","11486"
"Drew Steckenrider","Marlins","1","2","3.87","0","24","23.0","27","10","1","24","13","1.72","9.27","5.20","3.70","0.2","18806"
"Hector Neris","Phillies","4","5","3.55","0","72","73.0","65","29","9","82","25","1.22","10.11","3.05","3.70","0.7","11804"
"Pedro Baez","Dodgers","3","2","2.41","0","67","66.0","55","18","7","69","25","1.21","9.31","3.44","3.72","0.7","5420"
"Taylor Rogers","Twins","6","3","3.04","0","71","67.0","65","23","6","53","17","1.22","7.14","2.23","3.72","0.6","13449"
"Blake Treinen","Nationals","1","3","4.68","0","68","70.0","78","37","6","62","26","1.48","7.91","3.36","3.73","0.6","12572"
"Matt Albers","Nationals","6","2","2.62","0","52","51.0","36","15","6","52","15","0.99","9.18","2.58","3.73","0.5","4300"
"Carlos Martinez","Cardinals","13","13","3.44","32","32","206.0","171","79","23","218","77","1.21","9.54","3.37","3.74","3.9","11682"
"Brian Ellington","Marlins","1","1","5.02","0","32","36.0","39","20","2","44","28","1.87","11.06","7.02","3.74","0.2","17233"
"James Pazos","Mariners","3","3","3.38","0","56","59.0","50","22","7","71","25","1.26","10.76","3.81","3.74","0.5","13323"
"Yu Darvish","Rangers","11","12","3.59","31","31","191.0","162","76","24","208","66","1.19","9.80","3.10","3.74","3.8","13074"
"Jonathan Holder","Yankees","2","2","3.81","0","58","64.0","67","27","9","67","15","1.28","9.30","2.10","3.76","0.8","16588"
"Peter Moylan","Royals","1","0","4.64","0","67","52.0","48","27","4","48","23","1.35","8.33","3.96","3.76","0.5","4891"
"Jacob deGrom","Mets","14","7","3.65","30","30","193.0","171","78","28","217","61","1.21","10.11","2.86","3.76","3.7","10954"
"Brandon Kintzler","Twins","3","2","2.91","0","65","65.0","63","21","6","40","14","1.18","5.55","1.91","3.77","0.6","9939"
"Jon Lester","Cubs","11","10","3.85","33","33","196.0","185","84","25","198","61","1.25","9.07","2.78","3.77","3.6","4930"
"David Price","Red Sox","9","6","3.77","21","21","135.0","129","56","17","133","37","1.23","8.86","2.49","3.77","2.7","3184"
"Wade LeBlanc","Pirates","5","4","4.06","5","50","95.0","96","43","10","71","23","1.25","6.75","2.15","3.78","0.9","5221"
"Danny Duffy","Royals","10","9","3.66","26","26","157.0","152","64","15","135","50","1.29","7.75","2.84","3.79","3.0","3542"
"Chase Anderson","Brewers","9","6","3.48","28","28","153.0","138","59","17","139","47","1.21","8.18","2.78","3.80","3.2","6895"
"Bruce Rondon","Tigers","3","3","6.27","0","28","25.0","25","18","2","29","15","1.62","10.55","5.53","3.80","0.2","5766"
"Jon Gray","Rockies","5","3","4.07","15","15","78.0","81","35","9","77","28","1.39","8.90","3.19","3.80","1.7","14916"
"Heath Hembree","Red Sox","2","3","3.56","0","66","70.0","77","27","11","74","16","1.34","9.61","2.04","3.81","0.7","11632"
"Kenta Maeda","Dodgers","12","8","4.02","26","29","152.0","141","68","20","149","40","1.19","8.81","2.38","3.81","2.7","18498"
"Adam Wainwright","Cardinals","15","10","4.69","30","30","170.0","186","88","18","148","54","1.41","7.84","2.86","3.82","3.1","2233"
"Marcus Stroman","Blue Jays","13","9","3.61","30","30","185.0","187","74","21","154","47","1.27","7.51","2.31","3.82","3.3","13431"
"Brock Stewart","Dodgers","2","2","3.49","6","13","44.0","36","17","5","40","11","1.07","8.27","2.21","3.84","0.6","16727"
"Juan Minaya","White Sox","2","1","4.88","0","29","40.0","38","22","4","47","20","1.46","10.67","4.57","3.84","0.5","10341"
"Steven Okert","Giants","2","1","4.95","0","52","43.0","44","24","3","38","16","1.38","7.93","3.30","3.84","0.2","13580"
"Scott Oberg","Rockies","1","2","4.80","0","66","60.0","67","32","6","57","23","1.50","8.55","3.47","3.84","0.6","13911"
"Jacob Faria","Rays","7","3","3.45","15","15","88.0","76","34","9","85","32","1.22","8.66","3.26","3.85","1.7","13699"
"Leonel Campos","Blue Jays","1","0","3.48","0","22","30.0","26","11","4","36","14","1.32","10.80","4.10","3.85","0.2","12277"
"Jason Vargas","Royals","15","6","3.06","25","25","152.0","147","52","17","113","36","1.20","6.69","2.13","3.86","2.8","8044"
"Santiago Casilla","Athletics","4","4","3.61","0","59","57.0","54","23","6","52","20","1.30","8.14","3.13","3.86","0.4","2873"
"Dustin McGowan","Marlins","7","1","3.19","0","61","78.0","66","27","7","67","30","1.23","7.77","3.46","3.86","0.5","8600"
"Jose Quintana","White Sox","9","13","4.21","32","32","192.0","186","90","24","191","65","1.31","8.97","3.06","3.86","4.0","11423"
"Joe Biagini","Blue Jays","5","10","4.96","14","53","115.0","119","63","13","99","35","1.34","7.75","2.75","3.86","1.6","13194"
"Josh Fields","Dodgers","5","1","3.42","0","55","56.0","46","21","9","67","19","1.15","10.80","3.00","3.87","0.5","5070"
"Matt Bush","Rangers","5","6","3.62","0","64","62.0","63","25","8","67","20","1.33","9.69","2.86","3.87","0.6","1246"
"Josh Ravin","Dodgers","0","0","3.57","0","9","11.0","8","4","2","13","4","1.14","10.67","3.22","3.88","0.1","2951"
"Edubray Ramos","Phillies","2","9","4.67","0","64","64.0","64","33","7","72","33","1.53","10.13","4.72","3.88","0.6","16086"
"Samuel Tuivailala","Cardinals","3","2","3.10","0","40","45.0","39","15","4","45","19","1.30","9.01","3.87","3.88","0.3","13485"
"Fernando Rodney","Diamondbacks","5","5","4.88","0","60","55.0","46","30","5","61","31","1.38","9.87","4.98","3.88","0.4","494"
"Kevin McCarthy","Royals","1","2","3.82","0","25","35.0","36","15","2","21","12","1.36","5.36","2.97","3.89","0.2","15240"
"Emilio Pagan","Mariners","1","3","4.43","0","19","33.0","27","16","4","33","12","1.18","9.07","3.15","3.89","0.3","14771"
"Tony Sipp","Astros","1","1","3.89","0","57","48.0","37","21","6","49","17","1.15","9.35","3.31","3.90","0.4","8280"
"Chris Rusin","Rockies","5","3","3.47","5","49","94.0","85","36","9","68","27","1.20","6.54","2.61","3.90","1.2","9895"
"Chasen Shreve","Yankees","3","2","3.49","0","52","50.0","40","19","6","57","26","1.31","10.37","4.63","3.90","0.5","10855"
"Vance Worley","Marlins","2","4","4.92","9","23","68.0","74","37","7","53","20","1.40","7.07","2.66","3.90","0.9","6435"
"Jake Arrieta","Cubs","15","11","3.86","32","32","187.0","167","80","23","188","62","1.22","9.00","2.99","3.90","3.2","4153"
"Bobby Wahl","Athletics","0","0","4.58","0","21","24.0","23","12","2","25","14","1.55","9.31","5.14","3.91","0.2","14832"
"Kevin Quackenbush","Padres","2","3","5.02","0","42","48.0","48","27","4","44","25","1.52","8.38","4.68","3.91","0.3","12360"
"Dominic Leone","Blue Jays","3","2","3.58","0","60","69.0","58","27","8","72","30","1.28","9.43","3.95","3.91","0.7","13763"
"Chaz Roe","Braves","1","1","4.30","0","22","23.0","22","11","2","24","11","1.43","9.35","4.30","3.91","0.1","9866"
"Jesse Hahn","Athletics","6","10","4.96","23","24","120.0","131","66","9","91","47","1.48","6.79","3.55","3.91","1.9","13287"
"Carlos Rodon","White Sox","4","6","4.07","13","13","75.0","68","34","8","77","35","1.38","9.21","4.22","3.91","1.3","16137"
"Luke Gregerson","Astros","4","4","3.86","0","65","60.0","56","26","10","70","19","1.26","10.46","2.90","3.92","0.4","4090"
"Erik Goeddel","Mets","1","1","4.40","0","27","28.0","23","14","2","27","14","1.34","8.76","4.60","3.92","0.2","11712"
"Jeff Beliveau","Blue Jays","1","0","3.74","0","28","29.0","24","12","4","32","12","1.22","9.89","3.65","3.93","0.2","8504"
"Seung Hwan Oh","Cardinals","3","5","3.43","0","69","72.0","71","27","11","74","19","1.25","9.25","2.33","3.93","0.5","18719"
"Michael Blazek","Brewers","1","1","3.59","0","18","22.0","20","9","2","19","8","1.28","7.71","3.35","3.94","0.2","9654"
"Zac Rosscup","","0","0","4.03","0","14","12.0","10","5","1","13","6","1.31","9.85","4.43","3.94","0.1","9419"
"Rich Hill","Dodgers","9","7","3.57","20","20","105.0","82","42","12","119","47","1.23","10.23","4.02","3.94","1.9","4806"
"Oliver Perez","Nationals","1","1","4.18","0","56","36.0","34","17","5","43","13","1.31","10.64","3.24","3.94","0.2","1514"
"Austin Pruitt","Rays","8","5","5.20","9","30","85.0","104","49","9","65","21","1.48","6.93","2.19","3.95","1.1","15290"
"Steve Cishek","Mariners","3","2","3.79","0","40","36.0","30","15","5","37","12","1.17","9.13","2.97","3.95","0.2","6483"
"Rick Porcello","Red Sox","11","16","4.33","33","33","211.0","241","102","31","186","41","1.34","7.91","1.74","3.95","3.7","2717"
"Tony Barnette","Rangers","2","2","5.15","0","46","49.0","54","28","7","49","16","1.45","9.16","3.04","3.95","0.4","3555"
"George Kontos","Giants","2","4","3.31","0","69","72.0","69","27","11","72","22","1.25","9.03","2.71","3.95","0.2","9486"
"Jeff Hoffman","Rockies","8","4","4.22","19","20","110.0","106","51","12","96","36","1.29","7.92","2.94","3.95","2.2","17432"
"Arodys Vizcaino","Braves","4","3","2.98","0","62","57.0","46","19","8","66","22","1.20","10.39","3.51","3.96","0.3","5498"
"Edwin Diaz","Mariners","4","6","3.47","0","67","69.0","55","26","13","97","26","1.18","12.75","3.42","3.96","0.7","14710"
"Jose Leclerc","Rangers","2","3","3.88","0","49","55.0","40","24","6","74","36","1.40","12.22","5.94","3.96","0.6","14524"
"Daniel Coulombe","Athletics","2","2","3.44","0","62","58.0","50","22","6","54","22","1.22","8.27","3.34","3.96","0.3","13293"
"Tyler Duffey","Twins","3","6","4.81","9","49","105.0","112","56","14","93","27","1.34","7.99","2.35","3.96","1.2","13758"
"Michael Lorenzen","Reds","5","3","3.27","0","62","77.0","66","28","8","71","30","1.25","8.34","3.52","3.97","0.5","14843"
"Joaquin Benoit","Phillies","3","4","3.93","0","62","57.0","47","25","7","58","25","1.25","9.02","3.96","3.98","0.6","1437"
"Trevor Gott","Nationals","2","1","5.31","0","22","24.0","27","14","2","18","10","1.58","6.91","3.92","3.98","0.1","15046"
"Mike Leake","Cardinals","10","12","3.59","30","30","191.0","187","76","21","131","42","1.20","6.15","1.98","3.99","2.8","10130"
"Grant Dayton","Dodgers","2","2","3.48","0","50","48.0","34","19","6","53","21","1.14","9.87","3.86","3.99","0.4","11203"
"Fernando Abad","Red Sox","3","1","3.31","0","52","49.0","44","18","5","37","15","1.21","6.83","2.72","3.99","0.2","4994"
"Shelby Miller","Diamondbacks","6","6","4.19","14","14","81.0","80","38","8","68","33","1.41","7.56","3.73","3.99","1.3","10197"
"Jerad Eickhoff","Phillies","6","12","4.31","29","29","163.0","172","78","20","147","53","1.38","8.10","2.95","4.00","2.9","12664"
"Cory Gearrin","Giants","3","3","2.70","0","58","66.0","56","20","4","56","32","1.33","7.62","4.35","4.01","0.2","7947"
"Josh Osich","Giants","3","2","4.19","0","53","49.0","43","23","4","47","27","1.43","8.55","4.96","4.01","0.2","11528"
"Hoby Milner","Phillies","1","1","4.13","0","21","25.0","27","12","3","25","7","1.38","8.83","2.65","4.02","0.2","13346"
"Taijuan Walker","Diamondbacks","10","8","3.91","26","26","150.0","145","65","16","133","53","1.32","7.98","3.17","4.03","2.4","11836"
"Tony Zych","Mariners","4","3","2.84","0","47","47.0","38","15","4","44","20","1.22","8.49","3.84","4.03","0.4","12876"
"Ryan Dull","Athletics","4","4","4.62","0","42","41.0","37","21","5","45","17","1.30","9.73","3.68","4.03","0.2","13974"
"Jose Berrios","Twins","12","7","3.95","22","22","132.0","123","58","17","124","37","1.21","8.44","2.51","4.03","2.3","14168"
"Drew Storen","Reds","3","3","3.18","0","65","62.0","55","22","4","53","23","1.27","7.69","3.43","4.04","0.4","6983"
"Gio Gonzalez","Nationals","11","9","3.39","32","32","192.0","167","72","22","187","80","1.29","8.77","3.73","4.04","3.0","7448"
"Julio Urias","Dodgers","2","4","4.30","14","14","72.0","69","34","6","56","31","1.40","7.08","3.92","4.04","1.0","14765"
"Chris Hatcher","Dodgers","1","2","4.33","0","50","62.0","60","30","11","71","20","1.29","10.34","2.84","4.04","0.4","3299"
"Shane Greene","Tigers","4","5","4.06","5","66","82.0","71","37","8","80","39","1.34","8.74","4.26","4.05","0.7","10756"
"Jared Hughes","Brewers","4","2","3.28","0","69","65.0","58","24","5","49","25","1.29","6.79","3.53","4.05","0.4","9325"
"Wei-Yin Chen","Marlins","5","4","4.01","15","15","82.0","78","37","10","64","22","1.22","7.00","2.36","4.05","1.2","13071"
"Mike Montgomery","Cubs","4","9","3.82","13","42","124.0","111","53","9","103","58","1.36","7.46","4.24","4.06","1.4","4869"
"Robbie Ross Jr.","Red Sox","1","0","4.86","0","25","28.0","30","15","2","26","12","1.54","8.53","3.99","4.07","0.2","6819"
"Trevor Bauer","Indians","12","12","4.80","30","32","174.0","176","93","25","185","65","1.38","9.54","3.35","4.07","2.8","12703"
"Bryan Morris","Giants","3","1","5.19","0","40","41.0","44","23","3","30","20","1.57","6.68","4.40","4.08","0.1","10234"
"Kyle Hendricks","Cubs","9","7","3.77","23","24","135.0","120","57","17","115","39","1.18","7.62","2.62","4.08","2.1","12049"
"Kelvin Herrera","Royals","3","3","3.94","0","68","65.0","65","29","11","67","16","1.24","9.20","2.24","4.08","0.3","6033"
"Chris O'Grady","Marlins","2","2","4.66","3","15","32.0","34","17","3","23","10","1.37","6.30","2.81","4.08","0.4","13818"
"Ivan Nova","Pirates","13","11","3.57","29","29","186.0","189","74","22","111","28","1.16","5.36","1.33","4.09","2.5","1994"
"Justin Verlander","Tigers","10","10","4.39","31","31","187.0","184","91","22","176","78","1.40","8.46","3.77","4.09","3.1","8700"
"Josh Hader","Brewers","3","2","3.26","7","18","52.0","38","19","6","61","28","1.28","10.60","4.94","4.10","0.9","14212"
"Giovanny Gallegos","Yankees","1","3","5.07","0","25","38.0","39","21","6","42","12","1.35","10.03","2.80","4.10","0.3","14986"
"Dan Otero","Indians","2","1","3.64","0","58","65.0","71","26","9","46","13","1.29","6.36","1.75","4.10","0.3","7385"
"Rafael Montero","Mets","3","9","5.31","12","31","86.0","97","51","8","85","48","1.67","8.92","4.96","4.10","1.1","12760"
"Eduardo Rodriguez","Red Sox","8","5","3.86","21","22","122.0","111","52","17","120","40","1.24","8.91","2.99","4.10","1.7","13164"
"Ty Blach","Giants","10","10","4.49","25","34","161.0","178","80","15","83","38","1.35","4.63","2.15","4.11","1.8","14361"
"Aaron Loup","Blue Jays","3","3","4.32","0","68","55.0","55","26","4","54","26","1.49","8.85","4.33","4.11","0.2","10343"
"Alex Cobb","Rays","10","9","3.83","28","28","173.0","173","74","18","120","48","1.27","6.25","2.49","4.11","2.3","6562"
"Wandy Peralta","Reds","4","3","3.70","0","70","74.0","59","30","9","66","27","1.16","8.08","3.26","4.11","0.4","14295"
"Danny Salazar","Indians","8","9","4.51","22","24","123.0","120","62","20","159","53","1.41","11.57","3.90","4.12","1.9","5867"
"Jumbo Diaz","Rays","2","4","4.36","0","56","56.0","53","27","6","52","26","1.42","8.38","4.20","4.12","0.4","3397"
"Danny Farquhar","Rays","4","4","4.02","0","66","66.0","57","29","5","63","35","1.39","8.64","4.72","4.13","0.4","8501"
"Preston Claiborne","Rangers","1","1","5.45","0","14","19.0","22","11","2","16","6","1.51","7.95","2.85","4.13","0.1","10500"
"Brad Ziegler","Marlins","3","3","5.12","0","62","56.0","66","32","3","36","23","1.59","5.76","3.67","4.14","0.1","7293"
"T.J. McFarland","Diamondbacks","5","3","3.79","2","37","54.0","55","23","5","33","14","1.30","5.50","2.41","4.15","0.3","3237"
"Dan Straily","Marlins","11","9","3.70","31","32","182.0","153","75","25","169","57","1.16","8.36","2.84","4.15","2.8","9460"
"Matt Grace","Nationals","2","1","3.98","0","39","43.0","44","19","3","26","17","1.45","5.60","3.67","4.16","0.1","11449"
"Kyle Crockett","Indians","1","0","4.99","0","23","17.0","19","10","2","17","7","1.49","8.81","3.43","4.17","0.1","15033"
"Gerrit Cole","Pirates","12","12","4.23","31","31","184.0","191","86","28","163","47","1.29","7.99","2.28","4.17","2.3","13125"
"Sean Newcomb","Braves","3","7","4.38","16","16","81.0","78","39","7","80","45","1.52","8.92","4.99","4.18","1.0","16943"
"Marc Rzepczynski","Mariners","1","0","3.67","0","61","34.0","30","14","2","32","21","1.52","8.53","5.66","4.19","0.1","6612"
"Matt Garza","Brewers","6","8","4.38","23","23","126.0","132","61","15","89","36","1.33","6.36","2.58","4.21","2.1","3340"
"Ryan Weber","Mariners","1","2","4.45","4","14","37.0","42","18","4","21","6","1.29","5.00","1.46","4.21","0.3","10160"
"Daniel Norris","Tigers","8","12","4.82","30","30","157.0","178","84","18","145","68","1.56","8.33","3.88","4.22","2.2","13475"
"Charlie Morton","Astros","8","6","4.10","18","18","106.0","102","48","13","106","41","1.35","9.08","3.45","4.22","1.4","4676"
"Trevor Williams","Pirates","6","8","4.70","22","31","132.0","140","69","15","93","38","1.34","6.30","2.55","4.23","1.7","16977"
"Jose Ramirez","Braves","3","4","3.37","0","67","65.0","49","24","6","60","32","1.24","8.36","4.44","4.24","0.1","10171"
"Enny Romero","Nationals","3","4","3.94","0","66","68.0","66","30","10","74","28","1.38","9.75","3.67","4.24","0.1","4001"
"German Marquez","Rockies","9","9","4.56","25","26","142.0","156","72","18","119","45","1.42","7.53","2.88","4.24","2.5","15038"
"Matt Andriese","Rays","8","4","3.79","22","26","120.0","118","50","17","108","35","1.28","8.08","2.65","4.25","1.6","12022"
"Jordan Montgomery","Yankees","9","9","4.11","28","28","156.0","151","71","23","144","51","1.30","8.34","2.98","4.25","2.4","16511"
"Ryan Buchter","Padres","4","4","3.28","0","64","60.0","48","22","9","74","29","1.28","11.14","4.32","4.25","0.3","9456"
"Dayan Diaz","Astros","2","2","6.09","1","26","35.0","40","24","6","41","14","1.51","10.51","3.54","4.26","0.1","11543"
"Mike Clevinger","Indians","8","7","3.80","22","25","118.0","96","50","15","124","57","1.30","9.45","4.36","4.26","1.6","12808"
"J.A. Happ","Blue Jays","7","10","3.86","22","23","126.0","126","54","21","119","32","1.26","8.52","2.32","4.26","1.7","7410"
"Dario Alvarez","Rangers","3","1","3.60","0","42","38.0","39","15","4","45","25","1.68","10.65","5.89","4.27","0.2","14239"
"Jose De Leon","Rays","3","2","4.37","7","8","38.0","36","19","6","44","14","1.31","10.36","3.33","4.27","0.4","15463"
"Andrew Triggs","Athletics","7","8","4.26","16","28","102.0","105","48","13","80","29","1.32","7.07","2.58","4.28","1.1","13533"
"Michael Pineda","Yankees","12","9","4.42","31","31","173.0","181","85","32","170","37","1.27","8.88","1.95","4.28","2.6","5372"
"CC Sabathia","Yankees","10","7","4.15","25","25","138.0","137","64","17","113","47","1.33","7.37","3.07","4.28","1.9","404"
"Johnny Cueto","Giants","12","11","4.07","32","32","203.0","200","92","29","178","62","1.29","7.90","2.75","4.28","2.1","6893"
"Jose Alvarez","Angels","1","4","4.81","0","69","57.0","58","30","9","51","14","1.26","8.16","2.18","4.29","0.2","5358"
"Patrick Corbin","Diamondbacks","9","14","4.64","29","31","166.0","195","85","25","149","51","1.48","8.08","2.75","4.29","2.2","9323"
"Cole Hamels","Rangers","8","3","3.69","20","20","125.0","112","51","14","93","41","1.23","6.69","2.96","4.29","1.8","4972"
"Alex Meyer","Angels","5","7","4.23","19","23","100.0","83","47","10","112","62","1.45","10.04","5.57","4.29","1.2","12833"
"Jason Hursh","Braves","2","2","4.03","0","26","30.0","31","13","2","21","14","1.50","6.31","4.23","4.30","0.1","14914"
"Steven Matz","Mets","5","5","3.52","16","16","94.0","86","37","14","76","26","1.20","7.35","2.47","4.31","1.3","13361"
"Jaime Garcia","Braves","5","11","4.43","27","28","165.0","164","81","21","130","58","1.35","7.08","3.18","4.31","1.7","8137"
"J.J. Hoover","Diamondbacks","2","2","4.43","0","56","49.0","54","24","7","64","30","1.70","11.71","5.48","4.31","0.2","9037"
"Martin Perez","Rangers","7","10","4.57","27","27","153.0","183","78","16","105","59","1.58","6.18","3.48","4.32","2.1","6902"
"Fernando Salas","Mets","3","4","5.41","0","73","68.0","76","41","10","71","29","1.55","9.39","3.87","4.32","0.3","4971"
"Chad Kuhl","Pirates","6","10","4.77","31","31","152.0","162","80","18","118","56","1.44","7.03","3.33","4.33","1.6","14975"
"Kevin Siegrist","Cardinals","3","2","4.35","0","61","54.0","51","26","6","54","28","1.47","9.02","4.64","4.33","0.0","8180"
"Brett Anderson","Cubs","4","4","5.98","12","12","54.0","68","36","5","37","22","1.68","6.29","3.76","4.33","0.6","8223"
"Luis Perdomo","Padres","7","9","4.74","25","28","146.0","164","77","17","118","52","1.47","7.22","3.17","4.34","1.6","14682"
"Akeel Morris","Braves","1","1","4.07","0","19","21.0","17","10","3","26","13","1.43","11.22","5.70","4.34","0.0","12185"
"Mike Morin","Angels","1","1","5.18","0","34","38.0","44","22","6","32","8","1.38","7.60","1.90","4.35","0.1","13442"
"Alex Wilson","Tigers","3","5","3.95","0","67","67.0","70","30","8","43","21","1.35","5.75","2.76","4.35","0.2","9239"
"Dan Slania","Giants","2","2","4.28","3","16","29.0","30","14","3","23","10","1.37","7.12","3.22","4.35","0.2","15639"
"Marco Estrada","Blue Jays","9","10","4.60","32","32","185.0","180","95","29","178","65","1.32","8.66","3.17","4.35","2.7","1118"
"Edinson Volquez","Marlins","8","13","4.25","31","31","170.0","154","80","16","142","88","1.42","7.53","4.65","4.35","1.7","3990"
"Daniel Wright","Angels","3","4","4.63","9","15","67.0","73","34","7","44","21","1.40","5.88","2.79","4.36","0.8","15179"
"Tanner Roark","Nationals","11","11","4.71","30","31","181.0","189","95","23","140","61","1.38","6.98","3.03","4.36","2.0","8753"
"Jhan Marinez","Pirates","1","4","4.05","0","58","75.0","83","34","7","59","33","1.57","7.12","4.03","4.36","0.0","5830"
"Ryan Merritt","Indians","2","4","4.92","9","10","53.0","65","29","7","32","9","1.40","5.45","1.53","4.37","0.6","13688"
"Jonathan Broxton","Cardinals","1","2","5.31","0","45","38.0","44","23","4","37","20","1.69","8.64","4.81","4.39","0.0","4759"
"Reymin Guduan","Astros","1","2","5.99","0","22","27.0","29","18","3","27","17","1.71","9.10","5.69","4.39","0.1","13058"
"Josh Tomlin","Indians","9","14","5.27","28","29","160.0","194","93","28","121","20","1.34","6.80","1.13","4.39","1.9","9388"
"Diego Moreno","Rays","1","2","4.38","1","17","25.0","26","12","3","24","9","1.37","8.34","3.23","4.39","0.1","6238"
"Jhoulys Chacin","Padres","11","12","4.50","29","30","166.0","164","83","22","142","60","1.35","7.69","3.26","4.40","1.9","2608"
"Erasmo Ramirez","Rays","7","7","4.75","10","49","106.0","110","56","16","79","26","1.28","6.71","2.23","4.40","0.6","10314"
"Clay Buchholz","Phillies","2","4","5.51","9","11","52.0","61","32","7","42","18","1.51","7.25","3.07","4.40","0.8","3543"
"Miguel Socolovich","Cardinals","2","2","5.81","0","36","43.0","50","28","7","38","12","1.41","7.86","2.45","4.40","0.2","6697"
"Eric Skoglund","Royals","3","4","4.87","11","11","51.0","60","28","6","36","17","1.50","6.28","3.01","4.40","0.6","16155"
"Nathan Karns","Royals","4","5","4.31","17","19","96.0","91","46","17","102","32","1.29","9.60","3.06","4.41","1.0","12638"
"Scott Feldman","Reds","10","11","4.23","29","29","169.0","168","79","23","134","53","1.31","7.13","2.82","4.41","2.2","6283"
"Tanner Scheppers","Rangers","1","2","5.02","0","21","19.0","19","10","2","18","10","1.58","8.56","4.98","4.41","0.0","10267"
"Josh Lindblom","Pirates","2","3","5.52","8","13","59.0","72","36","7","46","21","1.57","6.98","3.16","4.41","0.7","7882"
"Clayton Richard","Padres","7","11","4.56","26","31","158.0","185","80","20","106","46","1.47","6.01","2.65","4.41","1.5","3551"
"Kendall Graveman","Athletics","5","6","4.17","19","19","108.0","113","50","13","71","31","1.33","5.87","2.58","4.42","1.1","15514"
"Neil Ramirez","Mets","0","2","6.04","0","47","49.0","49","33","8","68","30","1.62","12.54","5.57","4.42","0.0","7677"
"Josh Smith","Athletics","2","3","5.39","5","33","70.0","78","42","7","50","30","1.53","6.42","3.80","4.42","0.4","10946"
"Richard Bleier","Orioles","2","3","3.28","4","41","69.0","76","25","7","31","17","1.36","4.02","2.19","4.44","0.4","7803"
"Kevin Gausman","Orioles","10","12","5.12","34","34","179.0","212","102","24","156","71","1.58","7.84","3.58","4.44","2.5","14107"
"Derek Law","Giants","4","2","4.81","0","53","51.0","60","27","7","46","18","1.54","8.23","3.20","4.46","-0.1","13133"
"Jason Hammel","Royals","8","13","4.65","30","30","166.0","183","86","23","136","53","1.42","7.36","2.88","4.46","1.9","4538"
"Daniel Hudson","Pirates","2","5","4.47","0","69","61.0","61","30","9","58","25","1.41","8.54","3.69","4.48","0.0","7146"
"Dan Jennings","White Sox","4","2","4.00","0","70","65.0","62","29","8","52","28","1.40","7.29","3.88","4.48","0.1","8073"
"Travis Wood","Royals","2","3","5.07","1","57","61.0","67","34","6","48","31","1.61","7.03","4.60","4.48","0.1","9884"
"Felix Hernandez","Mariners","8","7","4.17","20","20","119.0","125","55","20","111","35","1.34","8.36","2.61","4.49","1.1","4772"
"Edgar Santana","Pirates","1","1","4.96","0","23","30.0","34","17","4","31","13","1.54","9.30","3.76","4.50","-0.1","17355"
"Seth Lugo","Mets","5","6","4.62","14","18","86.0","92","44","12","64","27","1.38","6.67","2.81","4.50","0.8","12447"
"Damien Magnifico","Angels","2","2","4.00","0","17","19.0","18","9","2","18","12","1.53","8.20","5.44","4.51","0.0","13395"
"Tommy Layne","Yankees","1","1","5.47","0","45","33.0","35","20","3","27","18","1.61","7.36","4.88","4.51","0.1","7501"
"Joe Ross","Nationals","8","7","4.61","25","25","135.0","150","69","24","123","36","1.38","8.23","2.41","4.51","1.4","12972"
"Ryan Pressly","Twins","3","4","5.67","0","52","55.0","57","35","10","56","17","1.36","9.17","2.85","4.52","0.0","7005"
"Ashur Tolliver","Astros","1","1","4.55","0","15","21.0","20","11","2","21","12","1.52","8.95","5.13","4.52","0.1","10044"
"Jeff Locke","Marlins","2","9","5.99","16","18","87.0","100","58","11","64","36","1.55","6.63","3.67","4.53","0.7","2929"
"Matt Belisle","Twins","1","2","5.19","0","60","57.0","60","33","6","43","26","1.52","6.81","4.15","4.53","0.2","1837"
"Chih-Wei Hu","Rays","2","4","4.21","7","13","49.0","47","23","7","39","18","1.33","7.18","3.33","4.55","0.4","16419"
"Mike Foltynewicz","Braves","10","10","4.06","29","30","162.0","165","73","26","147","55","1.36","8.12","3.06","4.55","1.3","10811"
"Jackson Stephens","Reds","4","4","4.70","9","9","53.0","57","28","9","47","16","1.36","7.88","2.65","4.55","0.7","14420"
"Vince Velasquez","Phillies","5","9","4.85","21","21","108.0","108","58","20","120","40","1.37","9.98","3.33","4.56","1.2","11189"
"Chris Smith","Athletics","1","2","4.68","6","9","40.0","41","21","6","32","14","1.38","7.30","3.19","4.56","0.3","4544"
"Ian Krol","Braves","2","3","4.89","0","66","59.0","60","32","9","56","26","1.47","8.66","3.98","4.56","0.0","10066"
"Andrew Cashner","Rangers","7","12","4.13","26","26","143.0","150","66","14","84","60","1.47","5.30","3.79","4.56","1.4","8782"
"Francisco Liriano","Blue Jays","9","8","4.97","27","27","136.0","140","75","19","134","67","1.52","8.85","4.40","4.56","1.5","3201"
"Josh Edgin","Mets","1","2","3.94","0","67","53.0","51","23","5","43","25","1.44","7.32","4.27","4.56","0.1","10796"
"Tony Watson","Pirates","6","4","3.73","0","72","70.0","79","29","11","55","19","1.40","7.01","2.44","4.57","0.0","3132"
"Blake Snell","Rays","4","9","4.45","21","22","110.0","105","55","14","109","65","1.54","8.90","5.27","4.57","1.2","13543"
"Paul Blackburn","Athletics","3","3","3.86","10","10","54.0","59","23","6","28","14","1.35","4.66","2.28","4.57","0.4","14739"
"Silvino Bracho","Diamondbacks","1","1","4.60","0","31","32.0","30","16","7","36","9","1.22","10.10","2.59","4.58","0.1","15051"
"Keynan Middleton","Angels","3","1","4.42","0","51","52.0","44","26","8","53","25","1.32","9.27","4.29","4.58","0.1","15264"
"Ervin Santana","Twins","14","12","3.62","31","31","197.0","174","79","29","152","66","1.21","6.94","3.00","4.58","2.3","3200"
"Buddy Boshers","Twins","1","1","4.16","0","37","44.0","45","20","7","37","14","1.34","7.49","2.81","4.58","0.0","8490"
"Shawn Armstrong","Indians","2","1","4.09","0","39","43.0","36","19","7","46","17","1.26","9.68","3.68","4.58","0.1","12857"
"Matt Moore","Giants","7","13","5.32","29","29","162.0","187","96","23","138","67","1.57","7.66","3.71","4.59","1.0","1890"
"Felix Pena","Cubs","2","1","4.18","0","29","42.0","41","20","7","43","18","1.39","9.15","3.80","4.59","0.1","13403"
"Brandon Finnegan","Reds","4","5","4.29","14","14","65.0","58","31","9","65","35","1.42","8.95","4.83","4.59","0.7","16208"
"Matt Wisler","Braves","3","6","5.29","11","20","78.0","81","46","11","57","25","1.37","6.57","2.94","4.59","0.5","12804"
"Phil Hughes","Twins","7","7","5.10","17","22","101.0","123","57","17","72","20","1.42","6.48","1.77","4.59","1.1","7450"
"Yovani Gallardo","Mariners","6","12","5.28","25","29","150.0","160","88","19","112","62","1.48","6.74","3.71","4.59","1.6","8173"
"Jake Petricka","White Sox","2","1","5.99","0","25","28.0","35","19","5","28","10","1.59","9.02","3.22","4.60","0.0","10534"
"Jose Torres","Padres","6","4","4.52","0","63","69.0","66","35","12","69","21","1.25","9.04","2.73","4.60","0.0","14957"
"Aaron Sanchez","Blue Jays","4","5","3.99","18","18","96.0","94","43","14","80","36","1.36","7.49","3.41","4.60","1.1","11490"
"Rubby de la Rosa","Diamondbacks","2","4","4.77","7","15","43.0","43","23","7","42","17","1.39","8.79","3.60","4.61","0.3","3862"
"Dylan Floro","Cubs","1","1","4.93","0","22","36.0","43","20","5","24","8","1.42","5.94","1.92","4.61","-0.1","13394"
"Masahiro Tanaka","Yankees","12","13","4.87","32","32","183.0","194","99","36","179","44","1.30","8.79","2.17","4.61","2.3","15764"
"Tyson Ross","Rangers","5","4","4.77","13","13","71.0","67","38","8","58","33","1.41","7.36","4.21","4.62","0.7","7872"
"Jharel Cotton","Athletics","8","12","4.85","25","25","139.0","138","75","21","126","55","1.39","8.21","3.57","4.62","1.5","13654"
"Zack Wheeler","Mets","5","9","4.68","24","24","128.0","135","66","19","116","54","1.48","8.18","3.81","4.63","1.1","10310"
"Hunter Wood","Rays","1","2","4.80","5","9","31.0","31","17","4","27","14","1.45","7.81","4.09","4.63","0.3","15091"
"Michael Brady","Athletics","1","2","4.69","4","16","38.0","43","20","6","30","8","1.31","7.04","1.86","4.63","0.3","8461"
"Mike Wright","Orioles","2","3","5.22","8","16","56.0","61","33","9","46","14","1.34","7.32","2.24","4.65","0.6","12586"
"David Paulino","Astros","4","2","5.41","13","14","64.0","72","39","13","68","18","1.39","9.46","2.47","4.66","0.7","17418"
"Matt Boyd","Tigers","5","9","5.18","22","22","114.0","137","66","15","83","44","1.59","6.54","3.48","4.67","1.2","15440"
"Zach Davies","Brewers","14","9","4.67","31","31","172.0","190","89","25","123","52","1.40","6.42","2.71","4.67","1.9","13183"
"Jake Barrett","Diamondbacks","1","1","4.32","0","23","21.0","21","10","3","20","8","1.40","8.68","3.54","4.67","0.0","13322"
"Dylan Bundy","Orioles","12","13","4.30","29","29","168.0","161","80","27","139","55","1.29","7.46","2.95","4.67","2.2","12917"
"Dinelson Lamet","Padres","6","8","5.13","19","19","95.0","88","54","17","110","41","1.36","10.44","3.89","4.67","0.7","17186"
"Jose Alvarado","Rays","1","5","5.60","0","38","43.0","39","27","4","38","30","1.60","7.93","6.19","4.68","-0.1","17780"
"JC Ramirez","Angels","10","10","4.49","21","43","146.0","151","73","23","116","44","1.33","7.10","2.71","4.68","0.8","8302"
"Sean Gilmartin","Mets","2","3","5.33","5","14","40.0","46","24","7","35","12","1.44","7.84","2.77","4.68","0.2","12781"
"Matt Shoemaker","Angels","10","7","4.42","25","25","139.0","135","68","24","124","44","1.29","8.04","2.85","4.68","1.0","4776"
"Bartolo Colon","Braves","6","14","6.25","25","26","131.0","169","91","21","88","34","1.55","6.03","2.32","4.68","1.1","375"
"Jarlin Garcia","Marlins","1","3","4.47","6","55","63.0","57","31","10","49","20","1.21","7.03","2.80","4.68","0.1","18282"
"Zach Lee","Padres","3","4","5.08","9","12","54.0","60","31","7","38","20","1.47","6.21","3.32","4.69","0.4","11468"
"J.P. Howell","Blue Jays","2","2","5.50","0","36","25.0","29","15","3","19","14","1.72","6.75","4.95","4.69","0.0","8245"
"Max Povse","Mariners","2","3","5.07","9","11","49.0","59","28","8","36","14","1.49","6.64","2.60","4.69","0.5","16165"
"Hyun-Jin Ryu","Dodgers","5","9","4.33","21","23","118.0","128","57","22","108","33","1.36","8.24","2.55","4.69","0.8","14444"
"Francis Martes","Astros","4","3","4.90","12","16","67.0","67","36","9","63","31","1.47","8.48","4.20","4.69","0.6","17303"
"Adam Conley","Marlins","4","6","5.50","15","16","76.0","75","46","9","62","37","1.48","7.40","4.34","4.70","0.7","14457"
"Tyler Pill","Mets","2","7","5.12","12","14","67.0","73","38","9","50","23","1.42","6.71","3.08","4.70","0.5","12751"
"Seth Frankoff","Cubs","1","2","5.08","2","14","24.0","27","14","4","21","8","1.41","7.92","2.90","4.71","0.0","11346"
"Ben Lively","Phillies","4","9","4.47","17","17","100.0","106","49","13","61","32","1.39","5.49","2.94","4.71","1.2","14932"
"Justin Grimm","Cubs","2","1","4.40","0","60","59.0","45","29","11","66","27","1.23","10.08","4.09","4.72","-0.1","11720"
"Stefan Crichton","Orioles","1","2","5.86","1","23","38.0","55","25","5","25","12","1.75","5.94","2.86","4.72","0.0","16058"
"Robert Gsellman","Mets","9","10","5.33","27","31","148.0","171","87","22","113","48","1.48","6.88","2.94","4.73","1.1","13696"
"Luis Castillo","Reds","3","4","4.18","12","14","65.0","65","30","12","65","24","1.37","8.97","3.38","4.73","0.6","15689"
"Deolis Guerra","Angels","3","3","4.90","0","31","42.0","39","23","7","38","16","1.32","8.14","3.48","4.74","-0.1","8410"
"Joe Musgrove","Astros","7","12","5.44","24","25","131.0","149","79","25","113","33","1.38","7.71","2.24","4.75","1.1","12970"
"Warwick Saupold","Tigers","3","4","3.87","6","31","71.0","68","31","8","47","26","1.32","5.98","3.34","4.75","0.5","13211"
"Jairo Diaz","Rockies","1","1","5.76","0","16","18.0","22","11","2","16","8","1.73","8.30","4.32","4.75","0.0","12774"
"Jarred Cosart","Padres","2","5","4.98","15","17","69.0","73","38","5","45","43","1.69","5.88","5.68","4.76","0.5","10304"
"Odrisamer Despaigne","Marlins","2","4","5.27","7","12","45.0","46","26","4","30","24","1.56","6.01","4.73","4.76","0.2","16017"
"Tyler Clippard","Yankees","3","7","4.71","0","70","63.0","51","33","12","76","32","1.32","10.84","4.58","4.78","0.0","5640"
"Arcenio Leon","Tigers","1","1","6.85","0","22","24.0","26","18","2","16","14","1.66","5.87","5.24","4.79","0.0","8846"
"Jeremy Jeffress","Rangers","2","3","4.64","0","61","58.0","66","30","7","39","25","1.58","6.12","3.96","4.79","-0.1","9490"
"Daniel Stumpf","Tigers","1","1","5.00","1","32","31.0","36","17","5","27","13","1.57","7.78","3.74","4.79","0.0","13780"
"Jorge de la Rosa","Diamondbacks","6","4","4.46","8","53","84.0","82","42","12","70","37","1.42","7.52","4.00","4.79","0.1","2047"
"Dovydas Neverauskas","Pirates","1","1","4.53","0","19","24.0","27","12","3","19","10","1.55","7.28","3.76","4.79","0.0","11604"
"Jandel Gustave","Astros","1","1","4.66","0","26","28.0","29","15","3","22","18","1.65","6.91","5.71","4.80","0.0","14665"
"Evan Marshall","Mariners","1","1","5.73","0","24","27.0","33","17","3","20","13","1.68","6.51","4.29","4.80","-0.1","12297"
"Braden Shipley","Diamondbacks","3","5","5.02","11","14","63.0","73","35","8","45","27","1.61","6.46","3.95","4.80","0.4","15158"
"Wade Miley","Orioles","7","12","4.97","32","32","164.0","185","91","23","143","81","1.62","7.85","4.44","4.80","1.5","8779"
"Glenn Sparkman","Blue Jays","1","2","7.42","5","8","24.0","35","20","4","19","7","1.77","7.05","2.70","4.80","0.2","15200"
"A.J. Cole","Nationals","3","3","4.34","9","10","52.0","54","25","8","40","19","1.40","6.93","3.25","4.80","0.3","11467"
"Eddie Butler","Cubs","7","8","4.45","21","24","110.0","111","55","11","63","50","1.46","5.14","4.09","4.80","0.9","13453"
"Eduardo Paredes","Angels","1","1","4.37","0","19","25.0","23","12","4","20","9","1.26","7.05","3.14","4.81","-0.1","16344"
"Carlos Torres","Brewers","6","7","4.30","0","73","81.0","88","39","13","70","31","1.47","7.76","3.43","4.82","-0.1","7624"
"Kyle Crick","Giants","1","3","5.07","6","16","37.0","36","21","3","30","24","1.63","7.28","5.86","4.82","0.1","13182"
"Chris Stratton","Giants","2","5","5.60","8","12","52.0","54","32","6","35","25","1.54","6.11","4.43","4.82","0.2","13761"
"Tyler Webb","Yankees","1","1","4.70","1","21","28.0","25","15","5","29","13","1.34","9.16","4.18","4.82","0.0","14974"
"Anibal Sanchez","Tigers","3","4","5.39","12","27","100.0","108","60","19","93","30","1.39","8.37","2.72","4.83","0.6","3284"
"Gregory Infante","White Sox","1","2","5.13","0","40","48.0","52","27","6","43","27","1.65","8.13","5.10","4.83","0.0","9119"
"Evan Scribner","Mariners","1","3","6.17","0","22","22.0","27","15","6","22","2","1.33","9.23","0.92","4.84","-0.1","7525"
"Ben Heller","Yankees","1","1","4.51","0","20","17.0","17","9","3","19","10","1.55","9.80","5.02","4.84","0.0","15100"
"Bryan Mitchell","Yankees","2","4","5.47","5","23","47.0","49","28","6","34","22","1.51","6.57","4.22","4.85","0.2","11479"
"Tyler Chatwood","Rockies","9","14","4.46","27","27","157.0","146","78","21","128","82","1.45","7.32","4.68","4.85","1.5","4338"
"Jose Urena","Marlins","10","8","4.09","23","35","149.0","142","68","20","101","51","1.29","6.09","3.09","4.86","0.7","11589"
"Zac Curtis","Mariners","1","1","3.14","0","20","21.0","18","7","3","21","8","1.22","8.96","3.21","4.86","-0.1","16684"
"Wily Peralta","Brewers","8","9","6.04","19","30","113.0","129","75","17","91","50","1.59","7.27","4.02","4.87","0.8","7738"
"Josh Smoker","Mets","2","4","5.80","0","48","59.0","64","38","11","73","29","1.58","11.17","4.49","4.87","-0.2","10285"
"Luis Cessa","Yankees","2","7","4.95","11","16","72.0","79","40","12","54","22","1.39","6.74","2.69","4.87","0.6","13345"
"Chad Qualls","Rockies","2","2","5.22","0","38","31.0","34","18","6","22","9","1.35","6.36","2.47","4.88","0.0","2170"
"Joe Jimenez","Tigers","1","1","5.84","0","24","21.0","20","13","4","25","8","1.36","10.80","3.54","4.89","-0.1","15761"
"Kyle Ryan","Tigers","1","1","4.98","0","33","30.0","35","17","2","16","17","1.73","4.90","5.14","4.89","-0.1","11753"
"Justin Haley","Twins","2","4","5.44","8","21","61.0","72","37","9","46","24","1.56","6.76","3.53","4.89","0.3","13572"
"Jake Buchanan","Reds","2","3","5.61","5","16","57.0","72","36","7","31","20","1.61","4.87","3.13","4.89","0.3","10962"
"Brooks Pounders","Angels","2","1","5.08","3","20","34.0","36","19","6","34","13","1.43","9.16","3.35","4.90","0.0","10387"
"Kyle Freeland","Rockies","12","12","4.28","28","28","165.0","180","79","21","100","61","1.46","5.45","3.33","4.91","1.8","16256"
"Matt Strahm","Royals","5","8","4.89","9","42","79.0","76","43","13","81","38","1.44","9.22","4.35","4.91","0.2","13799"
"Antonio Senzatela","Rockies","11","7","4.80","23","27","138.0","139","74","22","101","45","1.33","6.53","2.94","4.92","1.2","15488"
"Casey Lawrence","Mariners","2","8","5.92","10","20","83.0","108","55","12","54","29","1.65","5.87","3.14","4.92","0.4","11121"
"Craig Breslow","Twins","2","2","5.19","0","46","51.0","61","29","7","34","19","1.55","5.94","3.28","4.93","-0.2","4363"
"Ian Kennedy","Royals","7","11","4.42","30","30","162.0","142","80","29","146","63","1.26","8.11","3.49","4.94","1.0","6986"
"Brandon Workman","Red Sox","1","2","4.97","3","8","27.0","34","15","4","21","10","1.60","6.78","3.36","4.95","0.1","11428"
"Jesse Chavez","Angels","8","15","4.87","28","30","164.0","170","89","30","131","53","1.36","7.17","2.89","4.96","0.6","5448"
"Lance Lynn","Cardinals","10","10","3.88","28","28","157.0","133","68","28","144","59","1.23","8.24","3.41","4.96","0.9","2520"
"Jack Leathersich","Cubs","0","0","5.22","0","12","12.0","10","7","1","15","11","1.79","11.98","8.49","4.96","-0.1","12562"
"Taylor Jungmann","Brewers","2","4","5.18","8","10","45.0","46","26","6","41","25","1.59","8.21","4.95","4.96","0.3","13119"
"R.A. Dickey","Braves","9","11","4.42","29","30","180.0","176","89","25","121","68","1.35","6.04","3.40","4.97","1.0","1245"
"Julio Teheran","Braves","11","12","4.53","33","33","193.0","190","97","33","150","67","1.33","6.99","3.14","4.97","0.8","6797"
"Mike Fiers","Astros","8","9","4.20","29","30","164.0","159","77","30","149","59","1.33","8.19","3.23","4.97","1.0","7754"
"Junichi Tazawa","Marlins","2","3","5.01","0","48","46.0","40","26","8","41","18","1.26","7.98","3.57","4.97","-0.2","4079"
"Gabriel Ynoa","Orioles","3","4","4.95","8","15","66.0","77","36","12","43","16","1.40","5.79","2.17","4.98","0.4","12938"
"Jean Machi","Mariners","2","1","3.91","0","23","26.0","27","11","4","19","10","1.43","6.47","3.54","4.98","-0.1","3220"
"Blaine Hardy","Tigers","2","1","4.59","0","46","42.0","49","21","7","32","17","1.56","6.94","3.62","4.99","-0.2","6499"
"Hansel Robles","Mets","6","3","4.97","0","49","50.0","46","28","9","56","25","1.40","9.94","4.46","4.99","-0.1","11801"
"Nick Pivetta","Phillies","5","9","4.78","22","22","118.0","116","63","22","120","53","1.42","9.11","4.02","4.99","0.9","15454"
"Tony Cingrani","Reds","1","1","3.84","0","41","37.0","32","16","7","37","15","1.28","8.83","3.65","5.00","-0.1","12555"
"Craig Stammen","Padres","1","2","4.61","0","46","72.0","70","37","15","69","23","1.29","8.61","2.81","5.00","-0.5","7274"
"Tyler Wilson","Orioles","4","6","5.60","8","20","59.0","72","37","10","39","15","1.47","5.86","2.29","5.00","0.2","12691"
"John Axford","Athletics","1","3","5.34","0","45","44.0","49","26","6","42","28","1.74","8.57","5.61","5.00","-0.2","9059"
"Tom Wilhelmsen","Diamondbacks","2","2","4.67","0","50","51.0","50","27","7","37","23","1.44","6.48","4.09","5.01","-0.3","9975"
"Andrew Moore","Mariners","3","4","4.70","13","13","72.0","75","38","13","46","14","1.23","5.71","1.69","5.01","0.4","17553"
"Mike Bolsinger","Blue Jays","2","5","5.21","13","17","76.0","80","44","12","71","39","1.56","8.46","4.59","5.02","0.5","11137"
"Jake Odorizzi","Rays","8","8","4.47","29","29","158.0","153","79","31","141","54","1.31","8.03","3.05","5.02","0.7","6397"
"Tyler Cloyd","Mariners","2","2","5.16","5","6","30.0","36","17","5","21","8","1.44","6.27","2.30","5.02","0.1","8536"
"Miguel Gonzalez","White Sox","7","13","5.04","24","24","143.0","164","80","23","91","46","1.47","5.73","2.92","5.03","1.1","7024"
"Ariel Miranda","Mariners","10","9","4.38","31","31","171.0","154","83","31","135","60","1.25","7.07","3.18","5.03","1.2","17526"
"Sam Dyson","Giants","3","9","5.58","0","59","58.0","71","36","9","43","26","1.65","6.68","4.01","5.03","-0.5","11710"
"Noe Ramirez","Red Sox","1","1","4.11","0","17","24.0","23","11","5","23","9","1.31","8.40","3.20","5.04","-0.1","12800"
"Pierce Johnson","Cubs","1","2","4.92","5","8","28.0","28","15","4","27","17","1.64","8.95","5.55","5.04","0.1","13435"
"Brian Johnson","Red Sox","4","3","4.66","11","11","57.0","64","30","10","46","21","1.47","7.30","3.25","5.04","0.3","14272"
"Hisashi Iwakuma","Mariners","3","6","4.47","15","15","84.0","84","42","15","58","24","1.28","6.16","2.52","5.05","0.4","13048"
"Rob Whalen","Mariners","2","4","5.22","9","10","47.0","49","27","7","35","19","1.46","6.67","3.69","5.05","0.3","14165"
"Sergio Romo","Dodgers","2","2","5.23","0","54","45.0","41","26","11","54","18","1.31","10.87","3.53","5.06","-0.2","9817"
"Doug Fister","Red Sox","3","5","4.81","11","12","60.0","66","32","9","44","23","1.46","6.57","3.41","5.06","0.3","9425"
"Shane Carle","Rockies","2","3","5.22","7","10","41.0","50","24","7","25","11","1.48","5.42","2.33","5.06","0.3","15258"
"Justin Nicolino","Marlins","3","5","4.88","16","17","79.0","96","43","13","44","22","1.48","4.96","2.49","5.06","0.1","11754"
"Robby Scott","Red Sox","1","2","4.39","1","57","49.0","46","24","8","40","19","1.32","7.29","3.54","5.06","-0.2","13042"
"Tyler Danish","White Sox","3","4","4.94","8","9","44.0","50","24","6","30","22","1.63","6.21","4.51","5.07","0.2","15126"
"John Lackey","Cubs","10","14","4.71","30","30","180.0","177","94","37","157","53","1.28","7.87","2.63","5.08","0.8","1507"
"Zach Neal","Athletics","2","3","5.66","7","17","62.0","75","39","12","36","9","1.34","5.14","1.25","5.08","0.2","11294"
"Adam Kolarek","Rays","1","1","4.98","0","20","24.0","25","13","3","18","12","1.51","6.61","4.47","5.10","-0.2","10843"
"Tyler Glasnow","Pirates","5","9","5.86","23","24","107.0","123","70","18","109","58","1.69","9.13","4.87","5.10","0.3","14374"
"Kyle Kendrick","Red Sox","2","5","6.61","10","10","49.0","68","36","8","27","15","1.67","4.85","2.68","5.10","0.3","6230"
"Matt Cain","Giants","5","12","5.34","26","28","141.0","172","84","21","87","57","1.62","5.54","3.60","5.11","0.2","4732"
"Tyler Anderson","Rockies","5","8","5.47","22","23","113.0","130","69","23","105","40","1.50","8.35","3.21","5.12","0.9","12880"
"Chase De Jong","Mariners","3","7","5.39","13","17","76.0","80","46","12","53","30","1.45","6.28","3.57","5.12","0.3","15036"
"Alec Asher","Orioles","4","8","5.16","14","33","104.0","107","59","17","75","33","1.35","6.48","2.84","5.13","0.7","13560"
"Mike Mayers","Cardinals","2","3","5.02","7","10","44.0","48","24","7","31","18","1.49","6.37","3.66","5.13","0.1","15451"
"Domingo German","Yankees","1","2","5.07","6","12","40.0","45","22","7","34","17","1.55","7.58","3.87","5.13","0.2","17149"
"Miguel Almonte","Royals","2","3","5.52","5","13","31.0","36","19","4","24","18","1.73","6.86","5.09","5.13","0.0","14139"
"Jordan Lyles","Rockies","2","5","5.72","5","46","77.0","90","49","14","53","23","1.47","6.15","2.70","5.13","0.2","7593"
"Dan Altavilla","Mariners","3","3","4.99","0","55","58.0","58","32","13","66","25","1.43","10.14","3.87","5.14","-0.3","16507"
"Adalberto Mejia","Twins","6","8","4.75","22","22","112.0","117","59","19","93","49","1.49","7.50","3.98","5.15","0.6","13188"
"Joely Rodriguez","Rangers","2","4","5.37","0","54","60.0","71","36","8","44","29","1.66","6.55","4.31","5.15","-0.4","11487"
"John Gant","Cardinals","2","3","4.95","6","11","42.0","42","23","8","38","19","1.44","8.18","3.95","5.16","0.0","13684"
"Nick Tepesch","Twins","2","4","5.02","7","8","38.0","48","21","6","22","13","1.60","5.15","3.06","5.17","0.1","11716"
"Mark Leiter","Phillies","2","4","4.84","10","27","83.0","78","44","14","67","35","1.36","7.29","3.78","5.18","0.1","15551"
"Jake Thompson","Phillies","2","5","5.33","9","13","56.0","60","33","9","41","23","1.49","6.57","3.76","5.18","0.3","14371"
"Miguel Castro","Orioles","2","2","3.83","0","31","34.0","35","15","6","24","13","1.42","6.34","3.51","5.18","-0.2","15684"
"Mike Dunn","Rockies","4","3","5.12","0","64","49.0","51","28","11","60","26","1.58","11.02","4.83","5.21","-0.2","9948"
"Daniel Gossett","Athletics","3","8","5.55","16","16","81.0","95","50","15","57","24","1.47","6.35","2.66","5.21","0.1","16164"
"Dillon Overton","Padres","2","4","5.58","9","20","65.0","77","40","12","40","15","1.43","5.62","2.07","5.21","0.0","15627"
"Sal Romano","Reds","3","5","5.14","11","11","55.0","60","31","10","44","21","1.48","7.17","3.49","5.21","0.3","13690"
"Homer Bailey","Reds","4","5","6.04","10","10","50.0","62","34","9","39","20","1.63","7.03","3.56","5.21","0.2","8362"
"Ryan Garton","Rays","1","3","5.88","0","24","34.0","37","22","6","29","15","1.54","7.82","3.99","5.21","-0.3","14016"
"David Goforth","Brewers","1","1","5.09","0","18","21.0","21","12","2","16","13","1.65","6.71","5.63","5.22","-0.1","12166"
"Buck Farmer","Tigers","4","5","5.83","12","15","62.0","70","40","14","59","20","1.45","8.59","2.94","5.22","0.2","14814"
"Adam Ottavino","Rockies","2","4","5.24","0","59","51.0","47","30","9","63","33","1.56","10.98","5.81","5.22","-0.1","1247"
"Seth Maness","Royals","2","1","4.30","0","29","30.0","40","14","6","16","6","1.54","4.76","1.94","5.24","-0.3","12235"
"Ricky Nolasco","Angels","7","15","5.05","28","28","162.0","179","91","35","133","44","1.37","7.39","2.46","5.25","0.2","3830"
"Jason Motte","Braves","1","1","4.05","0","51","43.0","38","19","8","33","15","1.24","6.85","3.05","5.25","-0.4","5861"
"Jeremy Hellickson","Phillies","8","10","4.63","31","31","173.0","176","89","32","106","46","1.29","5.51","2.41","5.25","1.0","4371"
"Jake Esch","Padres","2","4","5.09","8","9","42.0","46","24","6","27","18","1.54","5.91","3.97","5.26","0.1","12756"
"Johnny Barbato","Pirates","1","2","4.83","0","33","47.0","48","25","7","40","25","1.55","7.68","4.83","5.26","-0.5","11440"
"Mike Pelfrey","White Sox","5","11","5.09","24","27","121.0","133","68","17","76","53","1.54","5.70","3.93","5.27","0.5","5203"
"Ariel Hernandez","Reds","0","1","3.81","0","19","25.0","14","11","4","31","20","1.35","10.96","7.02","5.27","-0.2","15603"
"Logan Verrett","Orioles","4","3","4.92","6","16","50.0","55","27","9","38","16","1.42","6.77","2.91","5.27","0.0","12905"
"Cody Reed","Reds","4","5","5.08","9","17","60.0","55","34","11","60","33","1.45","8.86","4.91","5.28","0.1","15232"
"Daniel Mengden","Athletics","2","5","5.76","11","11","56.0","65","36","10","43","21","1.53","6.80","3.41","5.29","0.1","16980"
"Xavier Cedeno","Rays","2","2","3.89","0","26","16.0","17","7","3","15","9","1.59","8.26","5.01","5.30","-0.2","36"
"David Holmberg","White Sox","3","6","4.61","16","33","95.0","97","49","15","57","39","1.43","5.37","3.72","5.30","0.4","7725"
"Justin Marks","Dodgers","2","3","5.11","5","9","34.0","37","19","6","27","16","1.55","7.05","4.31","5.30","0.0","10265"
"Chad Bell","Tigers","2","3","4.95","5","23","63.0","64","35","11","50","30","1.50","7.13","4.31","5.32","-0.1","10297"
"Adam Morgan","Phillies","2","5","5.71","8","22","69.0","79","44","16","62","21","1.44","8.08","2.69","5.33","0.2","12580"
"Chris Tillman","Orioles","4","10","6.05","23","23","116.0","149","78","20","88","52","1.73","6.81","4.01","5.33","0.7","5279"
"Eric O'Flaherty","Braves","0","1","7.07","0","40","33.0","37","26","6","28","15","1.55","7.42","3.99","5.33","-0.3","5746"
"Jordan Zimmermann","Tigers","9","12","5.41","29","29","165.0","194","100","34","119","48","1.46","6.47","2.59","5.34","0.7","4505"
"Austin Brice","Reds","1","3","5.48","6","35","72.0","79","44","14","57","25","1.45","7.22","3.20","5.34","0.0","17237"
"Lucas Harrell","","2","3","5.81","7","10","43.0","51","28","6","34","25","1.78","7.08","5.27","5.36","0.0","7541"
"Matt Harvey","Mets","6","6","4.92","24","24","135.0","128","74","24","105","59","1.39","7.03","3.93","5.36","0.3","11713"
"Drew Rucinski","Twins","2","4","6.07","8","11","48.0","63","33","9","36","17","1.66","6.74","3.19","5.36","0.2","12499"
"Kyle Gibson","Twins","8","13","5.75","29","29","154.0","188","98","26","101","65","1.65","5.93","3.81","5.38","0.2","10123"
"Jacob Turner","Nationals","4","6","5.33","7","30","79.0","88","47","14","49","29","1.49","5.61","3.32","5.39","-0.3","10185"
"Derek Holland","White Sox","7","14","5.10","27","27","143.0","157","81","28","119","57","1.50","7.49","3.59","5.40","0.5","4141"
"Randy Rosario","Twins","1","3","7.54","5","9","29.0","39","24","5","19","12","1.77","5.99","3.88","5.41","0.0","14508"
"Sammy Solis","Nationals","1","1","6.87","0","26","26.0","31","20","5","25","13","1.69","8.82","4.42","5.42","-0.3","11457"
"Tommy Milone","Mets","3","5","6.07","15","20","85.0","105","57","20","69","23","1.50","7.28","2.43","5.42","0.3","7608"
"Lisalverto Bonilla","Reds","3","6","6.06","8","22","71.0","74","48","13","63","34","1.54","8.07","4.39","5.43","-0.1","11266"
"Rookie Davis","Reds","3","6","6.04","14","14","64.0","80","43","11","47","30","1.70","6.55","4.14","5.43","0.2","14962"
"Zach Eflin","Phillies","2","7","5.69","18","18","101.0","119","64","20","58","21","1.38","5.20","1.83","5.45","0.1","13774"
"Neftali Feliz","Royals","2","7","4.96","0","64","60.0","52","33","12","52","28","1.34","7.71","4.20","5.45","-0.5","18"
"Tim Adleman","Reds","7","11","4.87","25","29","140.0","138","76","29","122","53","1.36","7.86","3.41","5.45","0.3","10968"
"Jorge Lopez","Brewers","1","4","5.58","8","9","43.0","48","27","8","36","22","1.61","7.58","4.53","5.47","0.1","14527"
"Chris Beck","White Sox","2","3","4.68","4","51","74.0","77","39","13","54","33","1.48","6.51","3.97","5.47","-0.3","13418"
"Mike Hauschild","Rangers","2","3","5.90","7","13","51.0","64","34","11","40","15","1.53","6.97","2.61","5.49","0.0","14033"
"Jeanmar Gomez","Phillies","4","4","5.95","0","43","50.0","62","33","11","41","16","1.56","7.39","2.86","5.49","-0.5","9033"
"Joe Blanton","Nationals","2","4","5.45","0","51","50.0","56","30","12","44","14","1.41","7.93","2.56","5.52","-0.5","4849"
"Rob Scahill","Brewers","2","3","4.15","0","33","43.0","42","20","6","24","20","1.45","5.15","4.16","5.52","-0.4","9286"
"Jason Wheeler","Twins","2","4","5.67","8","11","49.0","62","31","9","30","19","1.62","5.42","3.40","5.52","0.0","13128"
"Alan Busenitz","Twins","1","2","4.70","1","22","34.0","41","18","6","20","13","1.58","5.37","3.40","5.52","-0.3","15239"
"Sam Gaviglio","Mariners","5","8","4.93","19","21","109.0","116","60","22","74","35","1.39","6.08","2.92","5.52","-0.1","12778"
"Jordan Jankowski","Astros","2","2","6.09","0","20","25.0","27","17","6","31","13","1.55","11.06","4.46","5.53","-0.3","13313"
"William Cuevas","Tigers","1","3","6.61","6","10","39.0","48","28","6","27","18","1.69","6.19","4.12","5.53","0.0","13331"
"Christian Bergman","Mariners","6","7","5.36","14","19","85.0","98","50","18","56","24","1.44","5.95","2.51","5.53","0.0","10925"
"Dillon Gee","Twins","2","3","4.87","7","14","58.0","70","31","12","41","19","1.53","6.33","2.97","5.53","0.0","7396"
"Ubaldo Jimenez","Orioles","7","9","6.10","24","31","149.0","153","101","29","130","73","1.52","7.86","4.44","5.54","0.3","3374"
"Nick Martinez","Rangers","6","7","4.82","21","27","132.0","147","71","26","75","39","1.41","5.08","2.63","5.55","0.2","12730"
"Ronald Herrera","Yankees","2","5","5.78","8","11","47.0","53","30","9","35","17","1.50","6.79","3.24","5.56","0.0","15688"
"Jayson Aquino","Orioles","3","6","6.02","9","13","57.0","67","38","12","39","20","1.53","6.24","3.20","5.58","0.2","13150"
"Chris Heston","Twins","2","5","6.45","10","13","55.0","70","39","10","39","24","1.72","6.42","3.96","5.59","-0.1","10302"
"Paolo Espino","Brewers","2","3","5.28","9","15","61.0","64","36","13","49","19","1.37","7.21","2.87","5.60","0.0","8246"
"Parker Bridwell","Angels","4","4","4.58","10","15","68.0","76","35","13","47","27","1.50","6.16","3.50","5.62","-0.2","11502"
"Michael Tonkin","Twins","1","2","5.15","0","32","36.0","40","21","8","39","19","1.64","9.69","4.74","5.62","-0.4","10315"
"Asher Wojciechowski","Reds","2","4","6.00","11","15","59.0","69","39","14","48","18","1.48","7.35","2.79","5.64","0.1","10836"
"Chris Young","Royals","1","2","6.25","6","26","62.0","82","43","13","54","28","1.76","7.72","4.09","5.65","-0.2","3196"
"Luke Farrell","Royals","1","2","6.02","7","9","37.0","46","25","7","27","19","1.73","6.60","4.58","5.65","0.0","15101"
"Hector Santiago","Twins","7","14","5.39","27","28","136.0","141","82","26","105","61","1.48","6.93","4.01","5.65","0.3","4026"
"Alex Wimmers","Twins","1","2","5.29","2","22","36.0","39","21","6","30","22","1.73","7.64","5.64","5.66","-0.2","11394"
"Jimmy Yacabonis","Orioles","1","1","5.78","0","20","28.0","28","18","4","20","19","1.71","6.61","6.23","5.66","-0.3","15157"
"Cesar Valdez","Blue Jays","2","2","5.64","7","15","53.0","62","33","12","35","14","1.45","6.00","2.44","5.66","-0.2","9013"
"Tom Koehler","Marlins","4","9","6.11","22","22","110.0","121","75","22","92","52","1.57","7.50","4.28","5.67","-0.4","6570"
"Rob Zastryzny","Cubs","1","3","5.70","7","9","40.0","42","25","7","31","20","1.54","6.87","4.48","5.67","-0.1","15094"
"Josh Collmenter","Braves","1","4","5.90","5","24","55.0","69","36","13","45","18","1.58","7.36","2.91","5.69","-0.4","7312"
"Jakob Junis","Royals","4","7","5.46","16","19","91.0","105","55","19","68","32","1.51","6.76","3.17","5.69","-0.2","13619"
"Michael Ynoa","White Sox","2","1","5.52","0","40","53.0","52","32","7","45","37","1.69","7.67","6.32","5.70","-0.5","14093"
"Edwin Jackson","Orioles","2","4","5.81","7","12","45.0","56","29","8","28","21","1.70","5.69","4.17","5.75","-0.1","1841"
"Austin Bibens-Dirkx","Rangers","4","3","4.96","11","20","80.0","83","44","18","49","21","1.29","5.52","2.32","5.77","-0.1","9559"
"A.J. Griffin","Rangers","6","5","5.45","17","17","84.0","86","51","21","74","27","1.35","7.94","2.90","5.78","0.2","11132"
"Mat Latos","Blue Jays","2","4","5.54","10","11","53.0","62","33","11","39","22","1.57","6.57","3.66","5.80","-0.1","3815"
"James Shields","White Sox","4","6","5.15","18","18","100.0","103","57","22","84","44","1.48","7.61","3.97","5.81","0.0","7059"
"Casey Fien","Phillies","1","2","7.71","0","31","34.0","47","29","9","30","11","1.72","7.88","3.01","5.81","-0.4","3926"
"Steven Wright","Red Sox","4","6","5.80","12","13","69.0","89","45","16","47","20","1.57","6.08","2.57","5.83","-0.2","8185"
"Felix Jorge","Twins","3","4","6.36","10","10","55.0","72","39","13","32","14","1.57","5.28","2.24","5.90","-0.2","14532"
"Marco Gonzales","Cardinals","1","2","6.07","6","6","31.0","37","21","8","22","9","1.50","6.53","2.76","5.92","-0.2","15467"
"Ryne Stanek","Rays","1","3","5.50","4","22","39.0","46","24","9","36","20","1.67","8.22","4.65","5.97","-0.4","15947"
"Robert Stephenson","Reds","2","6","6.40","8","24","71.0","77","50","16","75","47","1.76","9.57","6.01","5.97","-0.4","13594"
"Ricardo Pinto","Phillies","2","4","5.93","8","14","56.0","64","37","12","38","24","1.58","6.21","3.90","5.98","-0.2","16318"
"Miguel Diaz","Padres","2","3","6.40","7","36","60.0","62","42","12","47","31","1.56","7.14","4.70","5.99","-0.5","18815"
"Jason Grilli","Rangers","4","7","5.67","0","50","41.0","42","26","13","50","17","1.43","10.81","3.76","6.08","-0.5","521"
"Francisco Rodriguez","Tigers","4","7","6.10","0","53","48.0","54","32","13","45","19","1.51","8.38","3.51","6.11","-0.6","1642"
"Junior Guerra","Brewers","3","6","4.84","19","19","98.0","95","53","22","83","54","1.52","7.61","4.93","6.15","-0.3","5702"
"Barrett Astin","Reds","1","3","5.86","5","18","45.0","49","29","9","31","22","1.57","6.11","4.41","6.15","-0.4","14812"
"Kevin Shackelford","Reds","1","1","6.56","0","14","19.0","23","14","4","14","8","1.65","6.41","3.84","6.20","-0.3","11012"
"Frankie Montas","Athletics","2","2","6.12","0","38","46.0","53","31","12","49","23","1.65","9.61","4.52","6.23","-0.9","14309"
"Raul Alcantara","Athletics","1","4","7.18","9","12","45.0","55","36","10","25","16","1.56","4.90","3.08","6.24","-0.4","12790"
"Brad Goldberg","White Sox","1","2","7.49","0","16","18.0","22","15","4","16","12","1.88","7.98","5.99","6.24","-0.3","14776"
"Adam Wilk","Twins","2","6","6.53","9","12","54.0","70","39","13","35","21","1.69","5.77","3.54","6.39","-0.5","8421"
"Shawn Kelley","Nationals","4","4","5.67","0","46","39.0","38","24","13","46","16","1.41","10.69","3.73","6.41","-0.8","7773"
"Matt Dermody","Blue Jays","1","1","7.20","0","17","22.0","29","18","6","16","6","1.59","6.48","2.48","6.45","-0.3","14844"
"Jered Weaver","Padres","2","10","6.22","20","20","103.0","120","71","27","62","30","1.46","5.39","2.64","6.50","-1.0","4235"
"Amir Garrett","Reds","5","11","6.58","23","23","112.0","118","82","29","97","58","1.58","7.77","4.68","6.52","-0.9","14375"
"Vidal Nuno","Orioles","1","2","6.71","0","35","42.0","51","31","12","37","18","1.66","8.04","3.95","6.58","-0.8","9674"
"Nik Turley","Twins","1","4","9.53","7","10","31.0","49","33","8","25","19","2.15","7.16","5.35","6.71","-0.4","5530"
"Antonio Bastardo","Pirates","1","2","7.83","0","32","30.0","36","26","8","30","20","1.86","8.96","5.94","6.75","-0.8","8844"
"Bronson Arroyo","Reds","4","9","7.12","19","19","98.0","128","78","31","61","26","1.56","5.57","2.39","6.86","-0.9","978"
"Dylan Covey","White Sox","1","8","7.33","16","16","74.0","97","61","20","44","34","1.76","5.28","4.10","7.03","-1.0","14825"
